interval,Power (W)
2020-01-01T00:00,0.0
2020-01-01T00:15,0.0
2020-01-01T00:30,0.0
2020-01-01T00:45,0.0
2020-01-01T01:00,0.0
2020-01-01T01:15,0.0
2020-01-01T01:30,0.0
2020-01-01T01:45,0.0
2020-01-01T02:00,0.0
2020-01-01T02:15,0.0
2020-01-01T02:30,0.0
2020-01-01T02:45,0.0
2020-01-01T03:00,0.0
2020-01-01T03:15,0.0
2020-01-01T03:30,0.0
2020-01-01T03:45,0.0
2020-01-01T04:00,0.0
2020-01-01T04:15,0.0
2020-01-01T04:30,0.0
2020-01-01T04:45,0.0
2020-01-01T05:00,0.0
2020-01-01T05:15,0.0
2020-01-01T05:30,0.0
2020-01-01T05:45,0.0
2020-01-01T06:00,0.0
2020-01-01T06:15,0.0
2020-01-01T06:30,0.0
2020-01-01T06:45,0.0
2020-01-01T07:00,0.0
2020-01-01T07:15,707.8208
2020-01-01T07:30,707.82074
2020-01-01T07:45,707.82074
2020-01-01T08:00,707.8208
2020-01-01T08:15,1286.0441
2020-01-01T08:30,1286.0441
2020-01-01T08:45,1286.0441
2020-01-01T09:00,1286.0441
2020-01-01T09:15,2061.1528
2020-01-01T09:30,2061.1528
2020-01-01T09:45,2061.1528
2020-01-01T10:00,2061.1528
2020-01-01T10:15,2634.3203
2020-01-01T10:30,2634.3203
2020-01-01T10:45,2634.3203
2020-01-01T11:00,2634.3203
2020-01-01T11:15,2692.1614
2020-01-01T11:30,2692.1614
2020-01-01T11:45,2692.1614
2020-01-01T12:00,2692.1614
2020-01-01T12:15,2150.8616
2020-01-01T12:30,2150.8616
2020-01-01T12:45,2150.8616
2020-01-01T13:00,2150.8616
2020-01-01T13:15,1070.9266
2020-01-01T13:30,1070.9266
2020-01-01T13:45,1070.9266
2020-01-01T14:00,1070.9266
2020-01-01T14:15,0.0
2020-01-01T14:30,0.0
2020-01-01T14:45,0.0
2020-01-01T15:00,0.0
2020-01-01T15:15,0.0
2020-01-01T15:30,0.0
2020-01-01T15:45,0.0
2020-01-01T16:00,0.0
2020-01-01T16:15,0.0
2020-01-01T16:30,0.0
2020-01-01T16:45,0.0
2020-01-01T17:00,0.0
2020-01-01T17:15,0.0
2020-01-01T17:30,0.0
2020-01-01T17:45,0.0
2020-01-01T18:00,0.0
2020-01-01T18:15,0.0
2020-01-01T18:30,0.0
2020-01-01T18:45,0.0
2020-01-01T19:00,0.0
2020-01-01T19:15,0.0
2020-01-01T19:30,0.0
2020-01-01T19:45,0.0
2020-01-01T20:00,0.0
2020-01-01T20:15,0.0
2020-01-01T20:30,0.0
2020-01-01T20:45,0.0
2020-01-01T21:00,0.0
2020-01-01T21:15,0.0
2020-01-01T21:30,0.0
2020-01-01T21:45,0.0
2020-01-01T22:00,0.0
2020-01-01T22:15,0.0
2020-01-01T22:30,0.0
2020-01-01T22:45,0.0
2020-01-01T23:00,0.0
2020-01-01T23:15,0.0
2020-01-01T23:30,0.0
2020-01-01T23:45,0.0
2020-01-02T00:00,0.0
2020-01-02T00:15,0.0
2020-01-02T00:30,0.0
2020-01-02T00:45,0.0
2020-01-02T01:00,0.0
2020-01-02T01:15,0.0
2020-01-02T01:30,0.0
2020-01-02T01:45,0.0
2020-01-02T02:00,0.0
2020-01-02T02:15,0.0
2020-01-02T02:30,0.0
2020-01-02T02:45,0.0
2020-01-02T03:00,0.0
2020-01-02T03:15,0.0
2020-01-02T03:30,0.0
2020-01-02T03:45,0.0
2020-01-02T04:00,0.0
2020-01-02T04:15,0.0
2020-01-02T04:30,0.0
2020-01-02T04:45,0.0
2020-01-02T05:00,0.0
2020-01-02T05:15,0.0
2020-01-02T05:30,0.0
2020-01-02T05:45,0.0
2020-01-02T06:00,0.0
2020-01-02T06:15,0.0
2020-01-02T06:30,0.0
2020-01-02T06:45,0.0
2020-01-02T07:00,0.0
2020-01-02T07:15,1497.4185
2020-01-02T07:30,1497.4185
2020-01-02T07:45,1497.4185
2020-01-02T08:00,1497.4185
2020-01-02T08:15,5821.042
2020-01-02T08:30,5821.042
2020-01-02T08:45,5821.042
2020-01-02T09:00,5821.042
2020-01-02T09:15,11012.002
2020-01-02T09:30,11012.002
2020-01-02T09:45,11012.002
2020-01-02T10:00,11012.002
2020-01-02T10:15,12792.056
2020-01-02T10:30,12792.056
2020-01-02T10:45,12792.056
2020-01-02T11:00,12792.056
2020-01-02T11:15,12643.984
2020-01-02T11:30,12643.984
2020-01-02T11:45,12643.984
2020-01-02T12:00,12643.984
2020-01-02T12:15,10693.056
2020-01-02T12:30,10693.056
2020-01-02T12:45,10693.056
2020-01-02T13:00,10693.056
2020-01-02T13:15,6918.815
2020-01-02T13:30,6918.815
2020-01-02T13:45,6918.815
2020-01-02T14:00,6918.815
2020-01-02T14:15,1988.8955
2020-01-02T14:30,1988.8955
2020-01-02T14:45,1988.8955
2020-01-02T15:00,1988.8955
2020-01-02T15:15,0.0
2020-01-02T15:30,0.0
2020-01-02T15:45,0.0
2020-01-02T16:00,0.0
2020-01-02T16:15,0.0
2020-01-02T16:30,0.0
2020-01-02T16:45,0.0
2020-01-02T17:00,0.0
2020-01-02T17:15,0.0
2020-01-02T17:30,0.0
2020-01-02T17:45,0.0
2020-01-02T18:00,0.0
2020-01-02T18:15,0.0
2020-01-02T18:30,0.0
2020-01-02T18:45,0.0
2020-01-02T19:00,0.0
2020-01-02T19:15,0.0
2020-01-02T19:30,0.0
2020-01-02T19:45,0.0
2020-01-02T20:00,0.0
2020-01-02T20:15,0.0
2020-01-02T20:30,0.0
2020-01-02T20:45,0.0
2020-01-02T21:00,0.0
2020-01-02T21:15,0.0
2020-01-02T21:30,0.0
2020-01-02T21:45,0.0
2020-01-02T22:00,0.0
2020-01-02T22:15,0.0
2020-01-02T22:30,0.0
2020-01-02T22:45,0.0
2020-01-02T23:00,0.0
2020-01-02T23:15,0.0
2020-01-02T23:30,0.0
2020-01-02T23:45,0.0
2020-01-03T00:00,0.0
2020-01-03T00:15,0.0
2020-01-03T00:30,0.0
2020-01-03T00:45,0.0
2020-01-03T01:00,0.0
2020-01-03T01:15,0.0
2020-01-03T01:30,0.0
2020-01-03T01:45,0.0
2020-01-03T02:00,0.0
2020-01-03T02:15,0.0
2020-01-03T02:30,0.0
2020-01-03T02:45,0.0
2020-01-03T03:00,0.0
2020-01-03T03:15,0.0
2020-01-03T03:30,0.0
2020-01-03T03:45,0.0
2020-01-03T04:00,0.0
2020-01-03T04:15,0.0
2020-01-03T04:30,0.0
2020-01-03T04:45,0.0
2020-01-03T05:00,0.0
2020-01-03T05:15,0.0
2020-01-03T05:30,0.0
2020-01-03T05:45,0.0
2020-01-03T06:00,0.0
2020-01-03T06:15,0.0
2020-01-03T06:30,0.0
2020-01-03T06:45,0.0
2020-01-03T07:00,0.0
2020-01-03T07:15,803.1519
2020-01-03T07:30,803.1519
2020-01-03T07:45,803.1519
2020-01-03T08:00,803.1519
2020-01-03T08:15,1217.0457
2020-01-03T08:30,1217.0457
2020-01-03T08:45,1217.0457
2020-01-03T09:00,1217.0457
2020-01-03T09:15,1261.5151
2020-01-03T09:30,1261.5151
2020-01-03T09:45,1261.5151
2020-01-03T10:00,1261.5151
2020-01-03T10:15,1702.6649
2020-01-03T10:30,1702.6649
2020-01-03T10:45,1702.6649
2020-01-03T11:00,1702.6649
2020-01-03T11:15,1871.9739
2020-01-03T11:30,1871.9739
2020-01-03T11:45,1871.9739
2020-01-03T12:00,1871.9739
2020-01-03T12:15,1241.2626
2020-01-03T12:30,1241.2626
2020-01-03T12:45,1241.2626
2020-01-03T13:00,1241.2626
2020-01-03T13:15,395.61566
2020-01-03T13:30,395.61566
2020-01-03T13:45,395.61566
2020-01-03T14:00,395.61566
2020-01-03T14:15,0.0
2020-01-03T14:30,0.0
2020-01-03T14:45,0.0
2020-01-03T15:00,0.0
2020-01-03T15:15,0.0
2020-01-03T15:30,0.0
2020-01-03T15:45,0.0
2020-01-03T16:00,0.0
2020-01-03T16:15,0.0
2020-01-03T16:30,0.0
2020-01-03T16:45,0.0
2020-01-03T17:00,0.0
2020-01-03T17:15,0.0
2020-01-03T17:30,0.0
2020-01-03T17:45,0.0
2020-01-03T18:00,0.0
2020-01-03T18:15,0.0
2020-01-03T18:30,0.0
2020-01-03T18:45,0.0
2020-01-03T19:00,0.0
2020-01-03T19:15,0.0
2020-01-03T19:30,0.0
2020-01-03T19:45,0.0
2020-01-03T20:00,0.0
2020-01-03T20:15,0.0
2020-01-03T20:30,0.0
2020-01-03T20:45,0.0
2020-01-03T21:00,0.0
2020-01-03T21:15,0.0
2020-01-03T21:30,0.0
2020-01-03T21:45,0.0
2020-01-03T22:00,0.0
2020-01-03T22:15,0.0
2020-01-03T22:30,0.0
2020-01-03T22:45,0.0
2020-01-03T23:00,0.0
2020-01-03T23:15,0.0
2020-01-03T23:30,0.0
2020-01-03T23:45,0.0
2020-01-04T00:00,0.0
2020-01-04T00:15,0.0
2020-01-04T00:30,0.0
2020-01-04T00:45,0.0
2020-01-04T01:00,0.0
2020-01-04T01:15,0.0
2020-01-04T01:30,0.0
2020-01-04T01:45,0.0
2020-01-04T02:00,0.0
2020-01-04T02:15,0.0
2020-01-04T02:30,0.0
2020-01-04T02:45,0.0
2020-01-04T03:00,0.0
2020-01-04T03:15,0.0
2020-01-04T03:30,0.0
2020-01-04T03:45,0.0
2020-01-04T04:00,0.0
2020-01-04T04:15,0.0
2020-01-04T04:30,0.0
2020-01-04T04:45,0.0
2020-01-04T05:00,0.0
2020-01-04T05:15,0.0
2020-01-04T05:30,0.0
2020-01-04T05:45,0.0
2020-01-04T06:00,0.0
2020-01-04T06:15,0.0
2020-01-04T06:30,0.0
2020-01-04T06:45,0.0
2020-01-04T07:00,0.0
2020-01-04T07:15,0.0
2020-01-04T07:30,0.0
2020-01-04T07:45,0.0
2020-01-04T08:00,0.0
2020-01-04T08:15,618.6739
2020-01-04T08:30,618.6739
2020-01-04T08:45,618.6739
2020-01-04T09:00,618.6739
2020-01-04T09:15,685.32635
2020-01-04T09:30,685.32635
2020-01-04T09:45,685.32635
2020-01-04T10:00,685.32635
2020-01-04T10:15,789.9153
2020-01-04T10:30,789.9153
2020-01-04T10:45,789.9153
2020-01-04T11:00,789.9153
2020-01-04T11:15,417.87518
2020-01-04T11:30,417.87518
2020-01-04T11:45,417.87518
2020-01-04T12:00,417.87518
2020-01-04T12:15,675.7639
2020-01-04T12:30,675.7639
2020-01-04T12:45,675.7639
2020-01-04T13:00,675.7639
2020-01-04T13:15,374.41174
2020-01-04T13:30,374.41174
2020-01-04T13:45,374.41174
2020-01-04T14:00,374.41174
2020-01-04T14:15,226.73618
2020-01-04T14:30,226.73618
2020-01-04T14:45,226.73618
2020-01-04T15:00,226.73618
2020-01-04T15:15,0.0
2020-01-04T15:30,0.0
2020-01-04T15:45,0.0
2020-01-04T16:00,0.0
2020-01-04T16:15,0.0
2020-01-04T16:30,0.0
2020-01-04T16:45,0.0
2020-01-04T17:00,0.0
2020-01-04T17:15,0.0
2020-01-04T17:30,0.0
2020-01-04T17:45,0.0
2020-01-04T18:00,0.0
2020-01-04T18:15,0.0
2020-01-04T18:30,0.0
2020-01-04T18:45,0.0
2020-01-04T19:00,0.0
2020-01-04T19:15,0.0
2020-01-04T19:30,0.0
2020-01-04T19:45,0.0
2020-01-04T20:00,0.0
2020-01-04T20:15,0.0
2020-01-04T20:30,0.0
2020-01-04T20:45,0.0
2020-01-04T21:00,0.0
2020-01-04T21:15,0.0
2020-01-04T21:30,0.0
2020-01-04T21:45,0.0
2020-01-04T22:00,0.0
2020-01-04T22:15,0.0
2020-01-04T22:30,0.0
2020-01-04T22:45,0.0
2020-01-04T23:00,0.0
2020-01-04T23:15,0.0
2020-01-04T23:30,0.0
2020-01-04T23:45,0.0
2020-01-05T00:00,0.0
2020-01-05T00:15,0.0
2020-01-05T00:30,0.0
2020-01-05T00:45,0.0
2020-01-05T01:00,0.0
2020-01-05T01:15,0.0
2020-01-05T01:30,0.0
2020-01-05T01:45,0.0
2020-01-05T02:00,0.0
2020-01-05T02:15,0.0
2020-01-05T02:30,0.0
2020-01-05T02:45,0.0
2020-01-05T03:00,0.0
2020-01-05T03:15,0.0
2020-01-05T03:30,0.0
2020-01-05T03:45,0.0
2020-01-05T04:00,0.0
2020-01-05T04:15,0.0
2020-01-05T04:30,0.0
2020-01-05T04:45,0.0
2020-01-05T05:00,0.0
2020-01-05T05:15,0.0
2020-01-05T05:30,0.0
2020-01-05T05:45,0.0
2020-01-05T06:00,0.0
2020-01-05T06:15,0.0
2020-01-05T06:30,0.0
2020-01-05T06:45,0.0
2020-01-05T07:00,0.0
2020-01-05T07:15,951.3728
2020-01-05T07:30,951.3728
2020-01-05T07:45,951.3728
2020-01-05T08:00,951.3728
2020-01-05T08:15,3000.328
2020-01-05T08:30,3000.328
2020-01-05T08:45,3000.328
2020-01-05T09:00,3000.328
2020-01-05T09:15,7323.439
2020-01-05T09:30,7323.439
2020-01-05T09:45,7323.439
2020-01-05T10:00,7323.439
2020-01-05T10:15,12026.526
2020-01-05T10:30,12026.526
2020-01-05T10:45,12026.526
2020-01-05T11:00,12026.526
2020-01-05T11:15,11836.258
2020-01-05T11:30,11836.258
2020-01-05T11:45,11836.258
2020-01-05T12:00,11836.258
2020-01-05T12:15,9676.906
2020-01-05T12:30,9676.906
2020-01-05T12:45,9676.906
2020-01-05T13:00,9676.906
2020-01-05T13:15,5329.6475
2020-01-05T13:30,5329.6475
2020-01-05T13:45,5329.6475
2020-01-05T14:00,5329.6475
2020-01-05T14:15,1006.5262
2020-01-05T14:30,1006.5262
2020-01-05T14:45,1006.5262
2020-01-05T15:00,1006.5262
2020-01-05T15:15,0.0
2020-01-05T15:30,0.0
2020-01-05T15:45,0.0
2020-01-05T16:00,0.0
2020-01-05T16:15,0.0
2020-01-05T16:30,0.0
2020-01-05T16:45,0.0
2020-01-05T17:00,0.0
2020-01-05T17:15,0.0
2020-01-05T17:30,0.0
2020-01-05T17:45,0.0
2020-01-05T18:00,0.0
2020-01-05T18:15,0.0
2020-01-05T18:30,0.0
2020-01-05T18:45,0.0
2020-01-05T19:00,0.0
2020-01-05T19:15,0.0
2020-01-05T19:30,0.0
2020-01-05T19:45,0.0
2020-01-05T20:00,0.0
2020-01-05T20:15,0.0
2020-01-05T20:30,0.0
2020-01-05T20:45,0.0
2020-01-05T21:00,0.0
2020-01-05T21:15,0.0
2020-01-05T21:30,0.0
2020-01-05T21:45,0.0
2020-01-05T22:00,0.0
2020-01-05T22:15,0.0
2020-01-05T22:30,0.0
2020-01-05T22:45,0.0
2020-01-05T23:00,0.0
2020-01-05T23:15,0.0
2020-01-05T23:30,0.0
2020-01-05T23:45,0.0
2020-01-06T00:00,0.0
2020-01-06T00:15,0.0
2020-01-06T00:30,0.0
2020-01-06T00:45,0.0
2020-01-06T01:00,0.0
2020-01-06T01:15,0.0
2020-01-06T01:30,0.0
2020-01-06T01:45,0.0
2020-01-06T02:00,0.0
2020-01-06T02:15,0.0
2020-01-06T02:30,0.0
2020-01-06T02:45,0.0
2020-01-06T03:00,0.0
2020-01-06T03:15,0.0
2020-01-06T03:30,0.0
2020-01-06T03:45,0.0
2020-01-06T04:00,0.0
2020-01-06T04:15,0.0
2020-01-06T04:30,0.0
2020-01-06T04:45,0.0
2020-01-06T05:00,0.0
2020-01-06T05:15,0.0
2020-01-06T05:30,0.0
2020-01-06T05:45,0.0
2020-01-06T06:00,0.0
2020-01-06T06:15,0.0
2020-01-06T06:30,0.0
2020-01-06T06:45,0.0
2020-01-06T07:00,0.0
2020-01-06T07:15,0.0
2020-01-06T07:30,0.0
2020-01-06T07:45,0.0
2020-01-06T08:00,0.0
2020-01-06T08:15,1264.1486
2020-01-06T08:30,1264.1486
2020-01-06T08:45,1264.1486
2020-01-06T09:00,1264.1486
2020-01-06T09:15,2417.0657
2020-01-06T09:30,2417.0657
2020-01-06T09:45,2417.0657
2020-01-06T10:00,2417.0657
2020-01-06T10:15,3433.4734
2020-01-06T10:30,3433.4734
2020-01-06T10:45,3433.4734
2020-01-06T11:00,3433.4734
2020-01-06T11:15,3893.1794
2020-01-06T11:30,3893.1794
2020-01-06T11:45,3893.1794
2020-01-06T12:00,3893.1794
2020-01-06T12:15,3206.1702
2020-01-06T12:30,3206.1702
2020-01-06T12:45,3206.1702
2020-01-06T13:00,3206.1702
2020-01-06T13:15,1965.27
2020-01-06T13:30,1965.27
2020-01-06T13:45,1965.27
2020-01-06T14:00,1965.27
2020-01-06T14:15,454.75214
2020-01-06T14:30,454.75214
2020-01-06T14:45,454.75214
2020-01-06T15:00,454.75214
2020-01-06T15:15,0.0
2020-01-06T15:30,0.0
2020-01-06T15:45,0.0
2020-01-06T16:00,0.0
2020-01-06T16:15,0.0
2020-01-06T16:30,0.0
2020-01-06T16:45,0.0
2020-01-06T17:00,0.0
2020-01-06T17:15,0.0
2020-01-06T17:30,0.0
2020-01-06T17:45,0.0
2020-01-06T18:00,0.0
2020-01-06T18:15,0.0
2020-01-06T18:30,0.0
2020-01-06T18:45,0.0
2020-01-06T19:00,0.0
2020-01-06T19:15,0.0
2020-01-06T19:30,0.0
2020-01-06T19:45,0.0
2020-01-06T20:00,0.0
2020-01-06T20:15,0.0
2020-01-06T20:30,0.0
2020-01-06T20:45,0.0
2020-01-06T21:00,0.0
2020-01-06T21:15,0.0
2020-01-06T21:30,0.0
2020-01-06T21:45,0.0
2020-01-06T22:00,0.0
2020-01-06T22:15,0.0
2020-01-06T22:30,0.0
2020-01-06T22:45,0.0
2020-01-06T23:00,0.0
2020-01-06T23:15,0.0
2020-01-06T23:30,0.0
2020-01-06T23:45,0.0
2020-01-07T00:00,0.0
2020-01-07T00:15,0.0
2020-01-07T00:30,0.0
2020-01-07T00:45,0.0
2020-01-07T01:00,0.0
2020-01-07T01:15,0.0
2020-01-07T01:30,0.0
2020-01-07T01:45,0.0
2020-01-07T02:00,0.0
2020-01-07T02:15,0.0
2020-01-07T02:30,0.0
2020-01-07T02:45,0.0
2020-01-07T03:00,0.0
2020-01-07T03:15,0.0
2020-01-07T03:30,0.0
2020-01-07T03:45,0.0
2020-01-07T04:00,0.0
2020-01-07T04:15,0.0
2020-01-07T04:30,0.0
2020-01-07T04:45,0.0
2020-01-07T05:00,0.0
2020-01-07T05:15,0.0
2020-01-07T05:30,0.0
2020-01-07T05:45,0.0
2020-01-07T06:00,0.0
2020-01-07T06:15,0.0
2020-01-07T06:30,0.0
2020-01-07T06:45,0.0
2020-01-07T07:00,0.0
2020-01-07T07:15,1031.3782
2020-01-07T07:30,1031.3782
2020-01-07T07:45,1031.3782
2020-01-07T08:00,1031.3782
2020-01-07T08:15,2478.8982
2020-01-07T08:30,2478.8982
2020-01-07T08:45,2478.8982
2020-01-07T09:00,2478.8982
2020-01-07T09:15,3014.001
2020-01-07T09:30,3014.001
2020-01-07T09:45,3014.001
2020-01-07T10:00,3014.001
2020-01-07T10:15,2047.2748
2020-01-07T10:30,2047.2748
2020-01-07T10:45,2047.2748
2020-01-07T11:00,2047.2748
2020-01-07T11:15,859.2434
2020-01-07T11:30,859.2434
2020-01-07T11:45,859.2434
2020-01-07T12:00,859.2434
2020-01-07T12:15,645.8924
2020-01-07T12:30,645.8924
2020-01-07T12:45,645.8924
2020-01-07T13:00,645.8924
2020-01-07T13:15,475.52582
2020-01-07T13:30,475.52582
2020-01-07T13:45,475.52582
2020-01-07T14:00,475.52582
2020-01-07T14:15,0.0
2020-01-07T14:30,0.0
2020-01-07T14:45,0.0
2020-01-07T15:00,0.0
2020-01-07T15:15,0.0
2020-01-07T15:30,0.0
2020-01-07T15:45,0.0
2020-01-07T16:00,0.0
2020-01-07T16:15,0.0
2020-01-07T16:30,0.0
2020-01-07T16:45,0.0
2020-01-07T17:00,0.0
2020-01-07T17:15,0.0
2020-01-07T17:30,0.0
2020-01-07T17:45,0.0
2020-01-07T18:00,0.0
2020-01-07T18:15,0.0
2020-01-07T18:30,0.0
2020-01-07T18:45,0.0
2020-01-07T19:00,0.0
2020-01-07T19:15,0.0
2020-01-07T19:30,0.0
2020-01-07T19:45,0.0
2020-01-07T20:00,0.0
2020-01-07T20:15,0.0
2020-01-07T20:30,0.0
2020-01-07T20:45,0.0
2020-01-07T21:00,0.0
2020-01-07T21:15,0.0
2020-01-07T21:30,0.0
2020-01-07T21:45,0.0
2020-01-07T22:00,0.0
2020-01-07T22:15,0.0
2020-01-07T22:30,0.0
2020-01-07T22:45,0.0
2020-01-07T23:00,0.0
2020-01-07T23:15,0.0
2020-01-07T23:30,0.0
2020-01-07T23:45,0.0
2020-01-08T00:00,0.0
2020-01-08T00:15,0.0
2020-01-08T00:30,0.0
2020-01-08T00:45,0.0
2020-01-08T01:00,0.0
2020-01-08T01:15,0.0
2020-01-08T01:30,0.0
2020-01-08T01:45,0.0
2020-01-08T02:00,0.0
2020-01-08T02:15,0.0
2020-01-08T02:30,0.0
2020-01-08T02:45,0.0
2020-01-08T03:00,0.0
2020-01-08T03:15,0.0
2020-01-08T03:30,0.0
2020-01-08T03:45,0.0
2020-01-08T04:00,0.0
2020-01-08T04:15,0.0
2020-01-08T04:30,0.0
2020-01-08T04:45,0.0
2020-01-08T05:00,0.0
2020-01-08T05:15,0.0
2020-01-08T05:30,0.0
2020-01-08T05:45,0.0
2020-01-08T06:00,0.0
2020-01-08T06:15,0.0
2020-01-08T06:30,0.0
2020-01-08T06:45,0.0
2020-01-08T07:00,0.0
2020-01-08T07:15,0.0
2020-01-08T07:30,0.0
2020-01-08T07:45,0.0
2020-01-08T08:00,0.0
2020-01-08T08:15,574.48413
2020-01-08T08:30,574.48413
2020-01-08T08:45,574.48413
2020-01-08T09:00,574.48413
2020-01-08T09:15,524.09375
2020-01-08T09:30,524.09375
2020-01-08T09:45,524.09375
2020-01-08T10:00,524.09375
2020-01-08T10:15,679.36285
2020-01-08T10:30,679.36285
2020-01-08T10:45,679.36285
2020-01-08T11:00,679.36285
2020-01-08T11:15,1051.8696
2020-01-08T11:30,1051.8696
2020-01-08T11:45,1051.8696
2020-01-08T12:00,1051.8696
2020-01-08T12:15,538.5015
2020-01-08T12:30,538.5015
2020-01-08T12:45,538.5015
2020-01-08T13:00,538.5015
2020-01-08T13:15,0.0
2020-01-08T13:30,0.0
2020-01-08T13:45,0.0
2020-01-08T14:00,0.0
2020-01-08T14:15,0.0
2020-01-08T14:30,0.0
2020-01-08T14:45,0.0
2020-01-08T15:00,0.0
2020-01-08T15:15,0.0
2020-01-08T15:30,0.0
2020-01-08T15:45,0.0
2020-01-08T16:00,0.0
2020-01-08T16:15,0.0
2020-01-08T16:30,0.0
2020-01-08T16:45,0.0
2020-01-08T17:00,0.0
2020-01-08T17:15,0.0
2020-01-08T17:30,0.0
2020-01-08T17:45,0.0
2020-01-08T18:00,0.0
2020-01-08T18:15,0.0
2020-01-08T18:30,0.0
2020-01-08T18:45,0.0
2020-01-08T19:00,0.0
2020-01-08T19:15,0.0
2020-01-08T19:30,0.0
2020-01-08T19:45,0.0
2020-01-08T20:00,0.0
2020-01-08T20:15,0.0
2020-01-08T20:30,0.0
2020-01-08T20:45,0.0
2020-01-08T21:00,0.0
2020-01-08T21:15,0.0
2020-01-08T21:30,0.0
2020-01-08T21:45,0.0
2020-01-08T22:00,0.0
2020-01-08T22:15,0.0
2020-01-08T22:30,0.0
2020-01-08T22:45,0.0
2020-01-08T23:00,0.0
2020-01-08T23:15,0.0
2020-01-08T23:30,0.0
2020-01-08T23:45,0.0
2020-01-09T00:00,0.0
2020-01-09T00:15,0.0
2020-01-09T00:30,0.0
2020-01-09T00:45,0.0
2020-01-09T01:00,0.0
2020-01-09T01:15,0.0
2020-01-09T01:30,0.0
2020-01-09T01:45,0.0
2020-01-09T02:00,0.0
2020-01-09T02:15,0.0
2020-01-09T02:30,0.0
2020-01-09T02:45,0.0
2020-01-09T03:00,0.0
2020-01-09T03:15,0.0
2020-01-09T03:30,0.0
2020-01-09T03:45,0.0
2020-01-09T04:00,0.0
2020-01-09T04:15,0.0
2020-01-09T04:30,0.0
2020-01-09T04:45,0.0
2020-01-09T05:00,0.0
2020-01-09T05:15,0.0
2020-01-09T05:30,0.0
2020-01-09T05:45,0.0
2020-01-09T06:00,0.0
2020-01-09T06:15,0.0
2020-01-09T06:30,0.0
2020-01-09T06:45,0.0
2020-01-09T07:00,0.0
2020-01-09T07:15,763.5664
2020-01-09T07:30,763.5664
2020-01-09T07:45,763.5664
2020-01-09T08:00,763.5664
2020-01-09T08:15,1731.4955
2020-01-09T08:30,1731.4955
2020-01-09T08:45,1731.4955
2020-01-09T09:00,1731.4955
2020-01-09T09:15,2827.7446
2020-01-09T09:30,2827.7446
2020-01-09T09:45,2827.7446
2020-01-09T10:00,2827.7446
2020-01-09T10:15,2674.0388
2020-01-09T10:30,2674.0388
2020-01-09T10:45,2674.0388
2020-01-09T11:00,2674.0388
2020-01-09T11:15,873.4256
2020-01-09T11:30,873.4256
2020-01-09T11:45,873.4256
2020-01-09T12:00,873.4256
2020-01-09T12:15,347.96704
2020-01-09T12:30,347.96704
2020-01-09T12:45,347.96704
2020-01-09T13:00,347.96704
2020-01-09T13:15,0.0
2020-01-09T13:30,0.0
2020-01-09T13:45,0.0
2020-01-09T14:00,0.0
2020-01-09T14:15,0.0
2020-01-09T14:30,0.0
2020-01-09T14:45,0.0
2020-01-09T15:00,0.0
2020-01-09T15:15,0.0
2020-01-09T15:30,0.0
2020-01-09T15:45,0.0
2020-01-09T16:00,0.0
2020-01-09T16:15,0.0
2020-01-09T16:30,0.0
2020-01-09T16:45,0.0
2020-01-09T17:00,0.0
2020-01-09T17:15,0.0
2020-01-09T17:30,0.0
2020-01-09T17:45,0.0
2020-01-09T18:00,0.0
2020-01-09T18:15,0.0
2020-01-09T18:30,0.0
2020-01-09T18:45,0.0
2020-01-09T19:00,0.0
2020-01-09T19:15,0.0
2020-01-09T19:30,0.0
2020-01-09T19:45,0.0
2020-01-09T20:00,0.0
2020-01-09T20:15,0.0
2020-01-09T20:30,0.0
2020-01-09T20:45,0.0
2020-01-09T21:00,0.0
2020-01-09T21:15,0.0
2020-01-09T21:30,0.0
2020-01-09T21:45,0.0
2020-01-09T22:00,0.0
2020-01-09T22:15,0.0
2020-01-09T22:30,0.0
2020-01-09T22:45,0.0
2020-01-09T23:00,0.0
2020-01-09T23:15,0.0
2020-01-09T23:30,0.0
2020-01-09T23:45,0.0
2020-01-10T00:00,0.0
2020-01-10T00:15,0.0
2020-01-10T00:30,0.0
2020-01-10T00:45,0.0
2020-01-10T01:00,0.0
2020-01-10T01:15,0.0
2020-01-10T01:30,0.0
2020-01-10T01:45,0.0
2020-01-10T02:00,0.0
2020-01-10T02:15,0.0
2020-01-10T02:30,0.0
2020-01-10T02:45,0.0
2020-01-10T03:00,0.0
2020-01-10T03:15,0.0
2020-01-10T03:30,0.0
2020-01-10T03:45,0.0
2020-01-10T04:00,0.0
2020-01-10T04:15,0.0
2020-01-10T04:30,0.0
2020-01-10T04:45,0.0
2020-01-10T05:00,0.0
2020-01-10T05:15,0.0
2020-01-10T05:30,0.0
2020-01-10T05:45,0.0
2020-01-10T06:00,0.0
2020-01-10T06:15,0.0
2020-01-10T06:30,0.0
2020-01-10T06:45,0.0
2020-01-10T07:00,0.0
2020-01-10T07:15,0.0
2020-01-10T07:30,0.0
2020-01-10T07:45,0.0
2020-01-10T08:00,0.0
2020-01-10T08:15,532.62354
2020-01-10T08:30,532.62354
2020-01-10T08:45,532.62354
2020-01-10T09:00,532.62354
2020-01-10T09:15,1312.1329
2020-01-10T09:30,1312.1329
2020-01-10T09:45,1312.1329
2020-01-10T10:00,1312.1329
2020-01-10T10:15,3680.6016
2020-01-10T10:30,3680.6016
2020-01-10T10:45,3680.6016
2020-01-10T11:00,3680.6016
2020-01-10T11:15,7097.296
2020-01-10T11:30,7097.296
2020-01-10T11:45,7097.296
2020-01-10T12:00,7097.296
2020-01-10T12:15,7119.687
2020-01-10T12:30,7119.687
2020-01-10T12:45,7119.687
2020-01-10T13:00,7119.687
2020-01-10T13:15,4419.6753
2020-01-10T13:30,4419.6753
2020-01-10T13:45,4419.6753
2020-01-10T14:00,4419.6753
2020-01-10T14:15,716.22003
2020-01-10T14:30,716.22003
2020-01-10T14:45,716.22003
2020-01-10T15:00,716.22003
2020-01-10T15:15,0.0
2020-01-10T15:30,0.0
2020-01-10T15:45,0.0
2020-01-10T16:00,0.0
2020-01-10T16:15,0.0
2020-01-10T16:30,0.0
2020-01-10T16:45,0.0
2020-01-10T17:00,0.0
2020-01-10T17:15,0.0
2020-01-10T17:30,0.0
2020-01-10T17:45,0.0
2020-01-10T18:00,0.0
2020-01-10T18:15,0.0
2020-01-10T18:30,0.0
2020-01-10T18:45,0.0
2020-01-10T19:00,0.0
2020-01-10T19:15,0.0
2020-01-10T19:30,0.0
2020-01-10T19:45,0.0
2020-01-10T20:00,0.0
2020-01-10T20:15,0.0
2020-01-10T20:30,0.0
2020-01-10T20:45,0.0
2020-01-10T21:00,0.0
2020-01-10T21:15,0.0
2020-01-10T21:30,0.0
2020-01-10T21:45,0.0
2020-01-10T22:00,0.0
2020-01-10T22:15,0.0
2020-01-10T22:30,0.0
2020-01-10T22:45,0.0
2020-01-10T23:00,0.0
2020-01-10T23:15,0.0
2020-01-10T23:30,0.0
2020-01-10T23:45,0.0
2020-01-11T00:00,0.0
2020-01-11T00:15,0.0
2020-01-11T00:30,0.0
2020-01-11T00:45,0.0
2020-01-11T01:00,0.0
2020-01-11T01:15,0.0
2020-01-11T01:30,0.0
2020-01-11T01:45,0.0
2020-01-11T02:00,0.0
2020-01-11T02:15,0.0
2020-01-11T02:30,0.0
2020-01-11T02:45,0.0
2020-01-11T03:00,0.0
2020-01-11T03:15,0.0
2020-01-11T03:30,0.0
2020-01-11T03:45,0.0
2020-01-11T04:00,0.0
2020-01-11T04:15,0.0
2020-01-11T04:30,0.0
2020-01-11T04:45,0.0
2020-01-11T05:00,0.0
2020-01-11T05:15,0.0
2020-01-11T05:30,0.0
2020-01-11T05:45,0.0
2020-01-11T06:00,0.0
2020-01-11T06:15,0.0
2020-01-11T06:30,0.0
2020-01-11T06:45,0.0
2020-01-11T07:00,0.0
2020-01-11T07:15,1076.0568
2020-01-11T07:30,1076.0568
2020-01-11T07:45,1076.0568
2020-01-11T08:00,1076.0568
2020-01-11T08:15,3067.3547
2020-01-11T08:30,3067.3547
2020-01-11T08:45,3067.3547
2020-01-11T09:00,3067.3547
2020-01-11T09:15,5833.8164
2020-01-11T09:30,5833.8164
2020-01-11T09:45,5833.8164
2020-01-11T10:00,5833.8164
2020-01-11T10:15,9889.372
2020-01-11T10:30,9889.372
2020-01-11T10:45,9889.372
2020-01-11T11:00,9889.372
2020-01-11T11:15,11443.609
2020-01-11T11:30,11443.609
2020-01-11T11:45,11443.609
2020-01-11T12:00,11443.609
2020-01-11T12:15,9571.763
2020-01-11T12:30,9571.763
2020-01-11T12:45,9571.763
2020-01-11T13:00,9571.763
2020-01-11T13:15,5791.677
2020-01-11T13:30,5791.677
2020-01-11T13:45,5791.677
2020-01-11T14:00,5791.677
2020-01-11T14:15,887.82605
2020-01-11T14:30,887.82605
2020-01-11T14:45,887.82605
2020-01-11T15:00,887.82605
2020-01-11T15:15,0.0
2020-01-11T15:30,0.0
2020-01-11T15:45,0.0
2020-01-11T16:00,0.0
2020-01-11T16:15,0.0
2020-01-11T16:30,0.0
2020-01-11T16:45,0.0
2020-01-11T17:00,0.0
2020-01-11T17:15,0.0
2020-01-11T17:30,0.0
2020-01-11T17:45,0.0
2020-01-11T18:00,0.0
2020-01-11T18:15,0.0
2020-01-11T18:30,0.0
2020-01-11T18:45,0.0
2020-01-11T19:00,0.0
2020-01-11T19:15,0.0
2020-01-11T19:30,0.0
2020-01-11T19:45,0.0
2020-01-11T20:00,0.0
2020-01-11T20:15,0.0
2020-01-11T20:30,0.0
2020-01-11T20:45,0.0
2020-01-11T21:00,0.0
2020-01-11T21:15,0.0
2020-01-11T21:30,0.0
2020-01-11T21:45,0.0
2020-01-11T22:00,0.0
2020-01-11T22:15,0.0
2020-01-11T22:30,0.0
2020-01-11T22:45,0.0
2020-01-11T23:00,0.0
2020-01-11T23:15,0.0
2020-01-11T23:30,0.0
2020-01-11T23:45,0.0
2020-01-12T00:00,0.0
2020-01-12T00:15,0.0
2020-01-12T00:30,0.0
2020-01-12T00:45,0.0
2020-01-12T01:00,0.0
2020-01-12T01:15,0.0
2020-01-12T01:30,0.0
2020-01-12T01:45,0.0
2020-01-12T02:00,0.0
2020-01-12T02:15,0.0
2020-01-12T02:30,0.0
2020-01-12T02:45,0.0
2020-01-12T03:00,0.0
2020-01-12T03:15,0.0
2020-01-12T03:30,0.0
2020-01-12T03:45,0.0
2020-01-12T04:00,0.0
2020-01-12T04:15,0.0
2020-01-12T04:30,0.0
2020-01-12T04:45,0.0
2020-01-12T05:00,0.0
2020-01-12T05:15,0.0
2020-01-12T05:30,0.0
2020-01-12T05:45,0.0
2020-01-12T06:00,0.0
2020-01-12T06:15,0.0
2020-01-12T06:30,0.0
2020-01-12T06:45,0.0
2020-01-12T07:00,0.0
2020-01-12T07:15,909.4695
2020-01-12T07:30,909.46967
2020-01-12T07:45,909.46967
2020-01-12T08:00,909.4695
2020-01-12T08:15,2746.9158
2020-01-12T08:30,2746.9158
2020-01-12T08:45,2746.9158
2020-01-12T09:00,2746.9158
2020-01-12T09:15,6187.1143
2020-01-12T09:30,6187.1143
2020-01-12T09:45,6187.1143
2020-01-12T10:00,6187.1143
2020-01-12T10:15,6951.45
2020-01-12T10:30,6951.45
2020-01-12T10:45,6951.45
2020-01-12T11:00,6951.45
2020-01-12T11:15,6210.325
2020-01-12T11:30,6210.325
2020-01-12T11:45,6210.325
2020-01-12T12:00,6210.325
2020-01-12T12:15,6008.415
2020-01-12T12:30,6008.415
2020-01-12T12:45,6008.415
2020-01-12T13:00,6008.415
2020-01-12T13:15,4204.878
2020-01-12T13:30,4204.878
2020-01-12T13:45,4204.878
2020-01-12T14:00,4204.878
2020-01-12T14:15,272.86618
2020-01-12T14:30,272.86618
2020-01-12T14:45,272.86618
2020-01-12T15:00,272.86618
2020-01-12T15:15,0.0
2020-01-12T15:30,0.0
2020-01-12T15:45,0.0
2020-01-12T16:00,0.0
2020-01-12T16:15,0.0
2020-01-12T16:30,0.0
2020-01-12T16:45,0.0
2020-01-12T17:00,0.0
2020-01-12T17:15,0.0
2020-01-12T17:30,0.0
2020-01-12T17:45,0.0
2020-01-12T18:00,0.0
2020-01-12T18:15,0.0
2020-01-12T18:30,0.0
2020-01-12T18:45,0.0
2020-01-12T19:00,0.0
2020-01-12T19:15,0.0
2020-01-12T19:30,0.0
2020-01-12T19:45,0.0
2020-01-12T20:00,0.0
2020-01-12T20:15,0.0
2020-01-12T20:30,0.0
2020-01-12T20:45,0.0
2020-01-12T21:00,0.0
2020-01-12T21:15,0.0
2020-01-12T21:30,0.0
2020-01-12T21:45,0.0
2020-01-12T22:00,0.0
2020-01-12T22:15,0.0
2020-01-12T22:30,0.0
2020-01-12T22:45,0.0
2020-01-12T23:00,0.0
2020-01-12T23:15,0.0
2020-01-12T23:30,0.0
2020-01-12T23:45,0.0
2020-01-13T00:00,0.0
2020-01-13T00:15,0.0
2020-01-13T00:30,0.0
2020-01-13T00:45,0.0
2020-01-13T01:00,0.0
2020-01-13T01:15,0.0
2020-01-13T01:30,0.0
2020-01-13T01:45,0.0
2020-01-13T02:00,0.0
2020-01-13T02:15,0.0
2020-01-13T02:30,0.0
2020-01-13T02:45,0.0
2020-01-13T03:00,0.0
2020-01-13T03:15,0.0
2020-01-13T03:30,0.0
2020-01-13T03:45,0.0
2020-01-13T04:00,0.0
2020-01-13T04:15,0.0
2020-01-13T04:30,0.0
2020-01-13T04:45,0.0
2020-01-13T05:00,0.0
2020-01-13T05:15,0.0
2020-01-13T05:30,0.0
2020-01-13T05:45,0.0
2020-01-13T06:00,0.0
2020-01-13T06:15,0.0
2020-01-13T06:30,0.0
2020-01-13T06:45,0.0
2020-01-13T07:00,0.0
2020-01-13T07:15,443.70667
2020-01-13T07:30,443.70667
2020-01-13T07:45,443.70667
2020-01-13T08:00,443.70667
2020-01-13T08:15,823.6207
2020-01-13T08:30,823.6207
2020-01-13T08:45,823.6207
2020-01-13T09:00,823.6207
2020-01-13T09:15,1475.7148
2020-01-13T09:30,1475.7148
2020-01-13T09:45,1475.7148
2020-01-13T10:00,1475.7148
2020-01-13T10:15,2402.6
2020-01-13T10:30,2402.6
2020-01-13T10:45,2402.6
2020-01-13T11:00,2402.6
2020-01-13T11:15,2879.2307
2020-01-13T11:30,2879.2307
2020-01-13T11:45,2879.2307
2020-01-13T12:00,2879.2307
2020-01-13T12:15,2288.4705
2020-01-13T12:30,2288.4705
2020-01-13T12:45,2288.4705
2020-01-13T13:00,2288.4705
2020-01-13T13:15,1094.2783
2020-01-13T13:30,1094.2783
2020-01-13T13:45,1094.2783
2020-01-13T14:00,1094.2783
2020-01-13T14:15,0.0
2020-01-13T14:30,0.0
2020-01-13T14:45,0.0
2020-01-13T15:00,0.0
2020-01-13T15:15,0.0
2020-01-13T15:30,0.0
2020-01-13T15:45,0.0
2020-01-13T16:00,0.0
2020-01-13T16:15,0.0
2020-01-13T16:30,0.0
2020-01-13T16:45,0.0
2020-01-13T17:00,0.0
2020-01-13T17:15,0.0
2020-01-13T17:30,0.0
2020-01-13T17:45,0.0
2020-01-13T18:00,0.0
2020-01-13T18:15,0.0
2020-01-13T18:30,0.0
2020-01-13T18:45,0.0
2020-01-13T19:00,0.0
2020-01-13T19:15,0.0
2020-01-13T19:30,0.0
2020-01-13T19:45,0.0
2020-01-13T20:00,0.0
2020-01-13T20:15,0.0
2020-01-13T20:30,0.0
2020-01-13T20:45,0.0
2020-01-13T21:00,0.0
2020-01-13T21:15,0.0
2020-01-13T21:30,0.0
2020-01-13T21:45,0.0
2020-01-13T22:00,0.0
2020-01-13T22:15,0.0
2020-01-13T22:30,0.0
2020-01-13T22:45,0.0
2020-01-13T23:00,0.0
2020-01-13T23:15,0.0
2020-01-13T23:30,0.0
2020-01-13T23:45,0.0
2020-01-14T00:00,0.0
2020-01-14T00:15,0.0
2020-01-14T00:30,0.0
2020-01-14T00:45,0.0
2020-01-14T01:00,0.0
2020-01-14T01:15,0.0
2020-01-14T01:30,0.0
2020-01-14T01:45,0.0
2020-01-14T02:00,0.0
2020-01-14T02:15,0.0
2020-01-14T02:30,0.0
2020-01-14T02:45,0.0
2020-01-14T03:00,0.0
2020-01-14T03:15,0.0
2020-01-14T03:30,0.0
2020-01-14T03:45,0.0
2020-01-14T04:00,0.0
2020-01-14T04:15,0.0
2020-01-14T04:30,0.0
2020-01-14T04:45,0.0
2020-01-14T05:00,0.0
2020-01-14T05:15,0.0
2020-01-14T05:30,0.0
2020-01-14T05:45,0.0
2020-01-14T06:00,0.0
2020-01-14T06:15,0.0
2020-01-14T06:30,0.0
2020-01-14T06:45,0.0
2020-01-14T07:00,0.0
2020-01-14T07:15,853.41565
2020-01-14T07:30,853.4158
2020-01-14T07:45,853.4158
2020-01-14T08:00,853.41565
2020-01-14T08:15,1925.3284
2020-01-14T08:30,1925.3284
2020-01-14T08:45,1925.3284
2020-01-14T09:00,1925.3284
2020-01-14T09:15,1723.0808
2020-01-14T09:30,1723.0808
2020-01-14T09:45,1723.0808
2020-01-14T10:00,1723.0808
2020-01-14T10:15,1470.553
2020-01-14T10:30,1470.553
2020-01-14T10:45,1470.553
2020-01-14T11:00,1470.553
2020-01-14T11:15,3912.689
2020-01-14T11:30,3912.689
2020-01-14T11:45,3912.689
2020-01-14T12:00,3912.689
2020-01-14T12:15,3885.195
2020-01-14T12:30,3885.195
2020-01-14T12:45,3885.195
2020-01-14T13:00,3885.195
2020-01-14T13:15,2138.9578
2020-01-14T13:30,2138.9578
2020-01-14T13:45,2138.9578
2020-01-14T14:00,2138.9578
2020-01-14T14:15,0.0
2020-01-14T14:30,0.0
2020-01-14T14:45,0.0
2020-01-14T15:00,0.0
2020-01-14T15:15,0.0
2020-01-14T15:30,0.0
2020-01-14T15:45,0.0
2020-01-14T16:00,0.0
2020-01-14T16:15,0.0
2020-01-14T16:30,0.0
2020-01-14T16:45,0.0
2020-01-14T17:00,0.0
2020-01-14T17:15,0.0
2020-01-14T17:30,0.0
2020-01-14T17:45,0.0
2020-01-14T18:00,0.0
2020-01-14T18:15,0.0
2020-01-14T18:30,0.0
2020-01-14T18:45,0.0
2020-01-14T19:00,0.0
2020-01-14T19:15,0.0
2020-01-14T19:30,0.0
2020-01-14T19:45,0.0
2020-01-14T20:00,0.0
2020-01-14T20:15,0.0
2020-01-14T20:30,0.0
2020-01-14T20:45,0.0
2020-01-14T21:00,0.0
2020-01-14T21:15,0.0
2020-01-14T21:30,0.0
2020-01-14T21:45,0.0
2020-01-14T22:00,0.0
2020-01-14T22:15,0.0
2020-01-14T22:30,0.0
2020-01-14T22:45,0.0
2020-01-14T23:00,0.0
2020-01-14T23:15,0.0
2020-01-14T23:30,0.0
2020-01-14T23:45,0.0
2020-01-15T00:00,0.0
2020-01-15T00:15,0.0
2020-01-15T00:30,0.0
2020-01-15T00:45,0.0
2020-01-15T01:00,0.0
2020-01-15T01:15,0.0
2020-01-15T01:30,0.0
2020-01-15T01:45,0.0
2020-01-15T02:00,0.0
2020-01-15T02:15,0.0
2020-01-15T02:30,0.0
2020-01-15T02:45,0.0
2020-01-15T03:00,0.0
2020-01-15T03:15,0.0
2020-01-15T03:30,0.0
2020-01-15T03:45,0.0
2020-01-15T04:00,0.0
2020-01-15T04:15,0.0
2020-01-15T04:30,0.0
2020-01-15T04:45,0.0
2020-01-15T05:00,0.0
2020-01-15T05:15,0.0
2020-01-15T05:30,0.0
2020-01-15T05:45,0.0
2020-01-15T06:00,0.0
2020-01-15T06:15,0.0
2020-01-15T06:30,0.0
2020-01-15T06:45,0.0
2020-01-15T07:00,0.0
2020-01-15T07:15,616.89484
2020-01-15T07:30,616.89465
2020-01-15T07:45,616.89465
2020-01-15T08:00,616.89484
2020-01-15T08:15,4054.8743
2020-01-15T08:30,4054.8743
2020-01-15T08:45,4054.8743
2020-01-15T09:00,4054.8743
2020-01-15T09:15,9272.517
2020-01-15T09:30,9272.517
2020-01-15T09:45,9272.517
2020-01-15T10:00,9272.517
2020-01-15T10:15,11425.453
2020-01-15T10:30,11425.453
2020-01-15T10:45,11425.453
2020-01-15T11:00,11425.453
2020-01-15T11:15,10560.147
2020-01-15T11:30,10560.147
2020-01-15T11:45,10560.147
2020-01-15T12:00,10560.147
2020-01-15T12:15,8692.9795
2020-01-15T12:30,8692.9795
2020-01-15T12:45,8692.9795
2020-01-15T13:00,8692.9795
2020-01-15T13:15,5906.9346
2020-01-15T13:30,5906.9346
2020-01-15T13:45,5906.9346
2020-01-15T14:00,5906.9346
2020-01-15T14:15,1469.7277
2020-01-15T14:30,1469.7277
2020-01-15T14:45,1469.7277
2020-01-15T15:00,1469.7277
2020-01-15T15:15,0.0
2020-01-15T15:30,0.0
2020-01-15T15:45,0.0
2020-01-15T16:00,0.0
2020-01-15T16:15,0.0
2020-01-15T16:30,0.0
2020-01-15T16:45,0.0
2020-01-15T17:00,0.0
2020-01-15T17:15,0.0
2020-01-15T17:30,0.0
2020-01-15T17:45,0.0
2020-01-15T18:00,0.0
2020-01-15T18:15,0.0
2020-01-15T18:30,0.0
2020-01-15T18:45,0.0
2020-01-15T19:00,0.0
2020-01-15T19:15,0.0
2020-01-15T19:30,0.0
2020-01-15T19:45,0.0
2020-01-15T20:00,0.0
2020-01-15T20:15,0.0
2020-01-15T20:30,0.0
2020-01-15T20:45,0.0
2020-01-15T21:00,0.0
2020-01-15T21:15,0.0
2020-01-15T21:30,0.0
2020-01-15T21:45,0.0
2020-01-15T22:00,0.0
2020-01-15T22:15,0.0
2020-01-15T22:30,0.0
2020-01-15T22:45,0.0
2020-01-15T23:00,0.0
2020-01-15T23:15,0.0
2020-01-15T23:30,0.0
2020-01-15T23:45,0.0
2020-01-16T00:00,0.0
2020-01-16T00:15,0.0
2020-01-16T00:30,0.0
2020-01-16T00:45,0.0
2020-01-16T01:00,0.0
2020-01-16T01:15,0.0
2020-01-16T01:30,0.0
2020-01-16T01:45,0.0
2020-01-16T02:00,0.0
2020-01-16T02:15,0.0
2020-01-16T02:30,0.0
2020-01-16T02:45,0.0
2020-01-16T03:00,0.0
2020-01-16T03:15,0.0
2020-01-16T03:30,0.0
2020-01-16T03:45,0.0
2020-01-16T04:00,0.0
2020-01-16T04:15,0.0
2020-01-16T04:30,0.0
2020-01-16T04:45,0.0
2020-01-16T05:00,0.0
2020-01-16T05:15,0.0
2020-01-16T05:30,0.0
2020-01-16T05:45,0.0
2020-01-16T06:00,0.0
2020-01-16T06:15,0.0
2020-01-16T06:30,0.0
2020-01-16T06:45,0.0
2020-01-16T07:00,0.0
2020-01-16T07:15,1578.8872
2020-01-16T07:30,1578.8876
2020-01-16T07:45,1578.8876
2020-01-16T08:00,1578.8872
2020-01-16T08:15,3277.3152
2020-01-16T08:30,3277.3152
2020-01-16T08:45,3277.3152
2020-01-16T09:00,3277.3152
2020-01-16T09:15,8045.2656
2020-01-16T09:30,8045.2656
2020-01-16T09:45,8045.2656
2020-01-16T10:00,8045.2656
2020-01-16T10:15,12315.284
2020-01-16T10:30,12315.284
2020-01-16T10:45,12315.284
2020-01-16T11:00,12315.284
2020-01-16T11:15,12335.126
2020-01-16T11:30,12335.126
2020-01-16T11:45,12335.126
2020-01-16T12:00,12335.126
2020-01-16T12:15,10504.799
2020-01-16T12:30,10504.799
2020-01-16T12:45,10504.799
2020-01-16T13:00,10504.799
2020-01-16T13:15,6907.2256
2020-01-16T13:30,6907.2256
2020-01-16T13:45,6907.2256
2020-01-16T14:00,6907.2256
2020-01-16T14:15,2013.3348
2020-01-16T14:30,2013.3348
2020-01-16T14:45,2013.3348
2020-01-16T15:00,2013.3348
2020-01-16T15:15,0.0
2020-01-16T15:30,0.0
2020-01-16T15:45,0.0
2020-01-16T16:00,0.0
2020-01-16T16:15,0.0
2020-01-16T16:30,0.0
2020-01-16T16:45,0.0
2020-01-16T17:00,0.0
2020-01-16T17:15,0.0
2020-01-16T17:30,0.0
2020-01-16T17:45,0.0
2020-01-16T18:00,0.0
2020-01-16T18:15,0.0
2020-01-16T18:30,0.0
2020-01-16T18:45,0.0
2020-01-16T19:00,0.0
2020-01-16T19:15,0.0
2020-01-16T19:30,0.0
2020-01-16T19:45,0.0
2020-01-16T20:00,0.0
2020-01-16T20:15,0.0
2020-01-16T20:30,0.0
2020-01-16T20:45,0.0
2020-01-16T21:00,0.0
2020-01-16T21:15,0.0
2020-01-16T21:30,0.0
2020-01-16T21:45,0.0
2020-01-16T22:00,0.0
2020-01-16T22:15,0.0
2020-01-16T22:30,0.0
2020-01-16T22:45,0.0
2020-01-16T23:00,0.0
2020-01-16T23:15,0.0
2020-01-16T23:30,0.0
2020-01-16T23:45,0.0
2020-01-17T00:00,0.0
2020-01-17T00:15,0.0
2020-01-17T00:30,0.0
2020-01-17T00:45,0.0
2020-01-17T01:00,0.0
2020-01-17T01:15,0.0
2020-01-17T01:30,0.0
2020-01-17T01:45,0.0
2020-01-17T02:00,0.0
2020-01-17T02:15,0.0
2020-01-17T02:30,0.0
2020-01-17T02:45,0.0
2020-01-17T03:00,0.0
2020-01-17T03:15,0.0
2020-01-17T03:30,0.0
2020-01-17T03:45,0.0
2020-01-17T04:00,0.0
2020-01-17T04:15,0.0
2020-01-17T04:30,0.0
2020-01-17T04:45,0.0
2020-01-17T05:00,0.0
2020-01-17T05:15,0.0
2020-01-17T05:30,0.0
2020-01-17T05:45,0.0
2020-01-17T06:00,0.0
2020-01-17T06:15,0.0
2020-01-17T06:30,0.0
2020-01-17T06:45,0.0
2020-01-17T07:00,0.0
2020-01-17T07:15,662.73193
2020-01-17T07:30,662.7318
2020-01-17T07:45,662.7318
2020-01-17T08:00,662.73193
2020-01-17T08:15,1293.206
2020-01-17T08:30,1293.206
2020-01-17T08:45,1293.206
2020-01-17T09:00,1293.206
2020-01-17T09:15,2527.5781
2020-01-17T09:30,2527.5781
2020-01-17T09:45,2527.5781
2020-01-17T10:00,2527.5781
2020-01-17T10:15,7091.81
2020-01-17T10:30,7091.81
2020-01-17T10:45,7091.81
2020-01-17T11:00,7091.81
2020-01-17T11:15,11289.782
2020-01-17T11:30,11289.782
2020-01-17T11:45,11289.782
2020-01-17T12:00,11289.782
2020-01-17T12:15,9934.727
2020-01-17T12:30,9934.727
2020-01-17T12:45,9934.727
2020-01-17T13:00,9934.727
2020-01-17T13:15,6296.8765
2020-01-17T13:30,6296.8765
2020-01-17T13:45,6296.8765
2020-01-17T14:00,6296.8765
2020-01-17T14:15,1721.5197
2020-01-17T14:30,1721.5197
2020-01-17T14:45,1721.5197
2020-01-17T15:00,1721.5197
2020-01-17T15:15,0.0
2020-01-17T15:30,0.0
2020-01-17T15:45,0.0
2020-01-17T16:00,0.0
2020-01-17T16:15,0.0
2020-01-17T16:30,0.0
2020-01-17T16:45,0.0
2020-01-17T17:00,0.0
2020-01-17T17:15,0.0
2020-01-17T17:30,0.0
2020-01-17T17:45,0.0
2020-01-17T18:00,0.0
2020-01-17T18:15,0.0
2020-01-17T18:30,0.0
2020-01-17T18:45,0.0
2020-01-17T19:00,0.0
2020-01-17T19:15,0.0
2020-01-17T19:30,0.0
2020-01-17T19:45,0.0
2020-01-17T20:00,0.0
2020-01-17T20:15,0.0
2020-01-17T20:30,0.0
2020-01-17T20:45,0.0
2020-01-17T21:00,0.0
2020-01-17T21:15,0.0
2020-01-17T21:30,0.0
2020-01-17T21:45,0.0
2020-01-17T22:00,0.0
2020-01-17T22:15,0.0
2020-01-17T22:30,0.0
2020-01-17T22:45,0.0
2020-01-17T23:00,0.0
2020-01-17T23:15,0.0
2020-01-17T23:30,0.0
2020-01-17T23:45,0.0
2020-01-18T00:00,0.0
2020-01-18T00:15,0.0
2020-01-18T00:30,0.0
2020-01-18T00:45,0.0
2020-01-18T01:00,0.0
2020-01-18T01:15,0.0
2020-01-18T01:30,0.0
2020-01-18T01:45,0.0
2020-01-18T02:00,0.0
2020-01-18T02:15,0.0
2020-01-18T02:30,0.0
2020-01-18T02:45,0.0
2020-01-18T03:00,0.0
2020-01-18T03:15,0.0
2020-01-18T03:30,0.0
2020-01-18T03:45,0.0
2020-01-18T04:00,0.0
2020-01-18T04:15,0.0
2020-01-18T04:30,0.0
2020-01-18T04:45,0.0
2020-01-18T05:00,0.0
2020-01-18T05:15,0.0
2020-01-18T05:30,0.0
2020-01-18T05:45,0.0
2020-01-18T06:00,0.0
2020-01-18T06:15,0.0
2020-01-18T06:30,0.0
2020-01-18T06:45,0.0
2020-01-18T07:00,0.0
2020-01-18T07:15,872.5282
2020-01-18T07:30,872.5282
2020-01-18T07:45,872.5282
2020-01-18T08:00,872.5282
2020-01-18T08:15,2893.126
2020-01-18T08:30,2893.126
2020-01-18T08:45,2893.126
2020-01-18T09:00,2893.126
2020-01-18T09:15,5796.222
2020-01-18T09:30,5796.222
2020-01-18T09:45,5796.222
2020-01-18T10:00,5796.222
2020-01-18T10:15,5584.49
2020-01-18T10:30,5584.49
2020-01-18T10:45,5584.49
2020-01-18T11:00,5584.49
2020-01-18T11:15,4435.756
2020-01-18T11:30,4435.756
2020-01-18T11:45,4435.756
2020-01-18T12:00,4435.756
2020-01-18T12:15,2429.5996
2020-01-18T12:30,2429.5996
2020-01-18T12:45,2429.5996
2020-01-18T13:00,2429.5996
2020-01-18T13:15,1071.9716
2020-01-18T13:30,1071.9716
2020-01-18T13:45,1071.9716
2020-01-18T14:00,1071.9716
2020-01-18T14:15,0.0
2020-01-18T14:30,0.0
2020-01-18T14:45,0.0
2020-01-18T15:00,0.0
2020-01-18T15:15,0.0
2020-01-18T15:30,0.0
2020-01-18T15:45,0.0
2020-01-18T16:00,0.0
2020-01-18T16:15,0.0
2020-01-18T16:30,0.0
2020-01-18T16:45,0.0
2020-01-18T17:00,0.0
2020-01-18T17:15,0.0
2020-01-18T17:30,0.0
2020-01-18T17:45,0.0
2020-01-18T18:00,0.0
2020-01-18T18:15,0.0
2020-01-18T18:30,0.0
2020-01-18T18:45,0.0
2020-01-18T19:00,0.0
2020-01-18T19:15,0.0
2020-01-18T19:30,0.0
2020-01-18T19:45,0.0
2020-01-18T20:00,0.0
2020-01-18T20:15,0.0
2020-01-18T20:30,0.0
2020-01-18T20:45,0.0
2020-01-18T21:00,0.0
2020-01-18T21:15,0.0
2020-01-18T21:30,0.0
2020-01-18T21:45,0.0
2020-01-18T22:00,0.0
2020-01-18T22:15,0.0
2020-01-18T22:30,0.0
2020-01-18T22:45,0.0
2020-01-18T23:00,0.0
2020-01-18T23:15,0.0
2020-01-18T23:30,0.0
2020-01-18T23:45,0.0
2020-01-19T00:00,0.0
2020-01-19T00:15,0.0
2020-01-19T00:30,0.0
2020-01-19T00:45,0.0
2020-01-19T01:00,0.0
2020-01-19T01:15,0.0
2020-01-19T01:30,0.0
2020-01-19T01:45,0.0
2020-01-19T02:00,0.0
2020-01-19T02:15,0.0
2020-01-19T02:30,0.0
2020-01-19T02:45,0.0
2020-01-19T03:00,0.0
2020-01-19T03:15,0.0
2020-01-19T03:30,0.0
2020-01-19T03:45,0.0
2020-01-19T04:00,0.0
2020-01-19T04:15,0.0
2020-01-19T04:30,0.0
2020-01-19T04:45,0.0
2020-01-19T05:00,0.0
2020-01-19T05:15,0.0
2020-01-19T05:30,0.0
2020-01-19T05:45,0.0
2020-01-19T06:00,0.0
2020-01-19T06:15,0.0
2020-01-19T06:30,0.0
2020-01-19T06:45,0.0
2020-01-19T07:00,0.0
2020-01-19T07:15,644.0502
2020-01-19T07:30,644.05
2020-01-19T07:45,644.05
2020-01-19T08:00,644.0502
2020-01-19T08:15,1197.2274
2020-01-19T08:30,1197.2274
2020-01-19T08:45,1197.2274
2020-01-19T09:00,1197.2274
2020-01-19T09:15,1791.7979
2020-01-19T09:30,1791.7979
2020-01-19T09:45,1791.7979
2020-01-19T10:00,1791.7979
2020-01-19T10:15,2116.448
2020-01-19T10:30,2116.448
2020-01-19T10:45,2116.448
2020-01-19T11:00,2116.448
2020-01-19T11:15,1882.278
2020-01-19T11:30,1882.278
2020-01-19T11:45,1882.278
2020-01-19T12:00,1882.278
2020-01-19T12:15,1320.5813
2020-01-19T12:30,1320.5813
2020-01-19T12:45,1320.5813
2020-01-19T13:00,1320.5813
2020-01-19T13:15,792.65924
2020-01-19T13:30,792.65924
2020-01-19T13:45,792.65924
2020-01-19T14:00,792.65924
2020-01-19T14:15,37.022697
2020-01-19T14:30,37.022697
2020-01-19T14:45,37.022697
2020-01-19T15:00,37.022697
2020-01-19T15:15,0.0
2020-01-19T15:30,0.0
2020-01-19T15:45,0.0
2020-01-19T16:00,0.0
2020-01-19T16:15,0.0
2020-01-19T16:30,0.0
2020-01-19T16:45,0.0
2020-01-19T17:00,0.0
2020-01-19T17:15,0.0
2020-01-19T17:30,0.0
2020-01-19T17:45,0.0
2020-01-19T18:00,0.0
2020-01-19T18:15,0.0
2020-01-19T18:30,0.0
2020-01-19T18:45,0.0
2020-01-19T19:00,0.0
2020-01-19T19:15,0.0
2020-01-19T19:30,0.0
2020-01-19T19:45,0.0
2020-01-19T20:00,0.0
2020-01-19T20:15,0.0
2020-01-19T20:30,0.0
2020-01-19T20:45,0.0
2020-01-19T21:00,0.0
2020-01-19T21:15,0.0
2020-01-19T21:30,0.0
2020-01-19T21:45,0.0
2020-01-19T22:00,0.0
2020-01-19T22:15,0.0
2020-01-19T22:30,0.0
2020-01-19T22:45,0.0
2020-01-19T23:00,0.0
2020-01-19T23:15,0.0
2020-01-19T23:30,0.0
2020-01-19T23:45,0.0
2020-01-20T00:00,0.0
2020-01-20T00:15,0.0
2020-01-20T00:30,0.0
2020-01-20T00:45,0.0
2020-01-20T01:00,0.0
2020-01-20T01:15,0.0
2020-01-20T01:30,0.0
2020-01-20T01:45,0.0
2020-01-20T02:00,0.0
2020-01-20T02:15,0.0
2020-01-20T02:30,0.0
2020-01-20T02:45,0.0
2020-01-20T03:00,0.0
2020-01-20T03:15,0.0
2020-01-20T03:30,0.0
2020-01-20T03:45,0.0
2020-01-20T04:00,0.0
2020-01-20T04:15,0.0
2020-01-20T04:30,0.0
2020-01-20T04:45,0.0
2020-01-20T05:00,0.0
2020-01-20T05:15,0.0
2020-01-20T05:30,0.0
2020-01-20T05:45,0.0
2020-01-20T06:00,0.0
2020-01-20T06:15,0.0
2020-01-20T06:30,0.0
2020-01-20T06:45,0.0
2020-01-20T07:00,0.0
2020-01-20T07:15,837.5708
2020-01-20T07:30,837.5709
2020-01-20T07:45,837.5709
2020-01-20T08:00,837.5708
2020-01-20T08:15,1890.5309
2020-01-20T08:30,1890.5309
2020-01-20T08:45,1890.5309
2020-01-20T09:00,1890.5309
2020-01-20T09:15,3483.9778
2020-01-20T09:30,3483.9778
2020-01-20T09:45,3483.9778
2020-01-20T10:00,3483.9778
2020-01-20T10:15,4329.01
2020-01-20T10:30,4329.01
2020-01-20T10:45,4329.01
2020-01-20T11:00,4329.01
2020-01-20T11:15,4297.5356
2020-01-20T11:30,4297.5356
2020-01-20T11:45,4297.5356
2020-01-20T12:00,4297.5356
2020-01-20T12:15,3340.5098
2020-01-20T12:30,3340.5098
2020-01-20T12:45,3340.5098
2020-01-20T13:00,3340.5098
2020-01-20T13:15,1684.315
2020-01-20T13:30,1684.315
2020-01-20T13:45,1684.315
2020-01-20T14:00,1684.315
2020-01-20T14:15,97.13546
2020-01-20T14:30,97.13546
2020-01-20T14:45,97.13546
2020-01-20T15:00,97.13546
2020-01-20T15:15,0.0
2020-01-20T15:30,0.0
2020-01-20T15:45,0.0
2020-01-20T16:00,0.0
2020-01-20T16:15,0.0
2020-01-20T16:30,0.0
2020-01-20T16:45,0.0
2020-01-20T17:00,0.0
2020-01-20T17:15,0.0
2020-01-20T17:30,0.0
2020-01-20T17:45,0.0
2020-01-20T18:00,0.0
2020-01-20T18:15,0.0
2020-01-20T18:30,0.0
2020-01-20T18:45,0.0
2020-01-20T19:00,0.0
2020-01-20T19:15,0.0
2020-01-20T19:30,0.0
2020-01-20T19:45,0.0
2020-01-20T20:00,0.0
2020-01-20T20:15,0.0
2020-01-20T20:30,0.0
2020-01-20T20:45,0.0
2020-01-20T21:00,0.0
2020-01-20T21:15,0.0
2020-01-20T21:30,0.0
2020-01-20T21:45,0.0
2020-01-20T22:00,0.0
2020-01-20T22:15,0.0
2020-01-20T22:30,0.0
2020-01-20T22:45,0.0
2020-01-20T23:00,0.0
2020-01-20T23:15,0.0
2020-01-20T23:30,0.0
2020-01-20T23:45,0.0
2020-01-21T00:00,0.0
2020-01-21T00:15,0.0
2020-01-21T00:30,0.0
2020-01-21T00:45,0.0
2020-01-21T01:00,0.0
2020-01-21T01:15,0.0
2020-01-21T01:30,0.0
2020-01-21T01:45,0.0
2020-01-21T02:00,0.0
2020-01-21T02:15,0.0
2020-01-21T02:30,0.0
2020-01-21T02:45,0.0
2020-01-21T03:00,0.0
2020-01-21T03:15,0.0
2020-01-21T03:30,0.0
2020-01-21T03:45,0.0
2020-01-21T04:00,0.0
2020-01-21T04:15,0.0
2020-01-21T04:30,0.0
2020-01-21T04:45,0.0
2020-01-21T05:00,0.0
2020-01-21T05:15,0.0
2020-01-21T05:30,0.0
2020-01-21T05:45,0.0
2020-01-21T06:00,0.0
2020-01-21T06:15,0.0
2020-01-21T06:30,0.0
2020-01-21T06:45,0.0
2020-01-21T07:00,0.0
2020-01-21T07:15,1427.6461
2020-01-21T07:30,1427.6461
2020-01-21T07:45,1427.6461
2020-01-21T08:00,1427.6461
2020-01-21T08:15,4189.4663
2020-01-21T08:30,4189.4663
2020-01-21T08:45,4189.4663
2020-01-21T09:00,4189.4663
2020-01-21T09:15,7188.2188
2020-01-21T09:30,7188.2188
2020-01-21T09:45,7188.2188
2020-01-21T10:00,7188.2188
2020-01-21T10:15,12529.648
2020-01-21T10:30,12529.648
2020-01-21T10:45,12529.648
2020-01-21T11:00,12529.648
2020-01-21T11:15,12762.561
2020-01-21T11:30,12762.561
2020-01-21T11:45,12762.561
2020-01-21T12:00,12762.561
2020-01-21T12:15,11036.495
2020-01-21T12:30,11036.495
2020-01-21T12:45,11036.495
2020-01-21T13:00,11036.495
2020-01-21T13:15,7346.1475
2020-01-21T13:30,7346.1475
2020-01-21T13:45,7346.1475
2020-01-21T14:00,7346.1475
2020-01-21T14:15,2005.0293
2020-01-21T14:30,2005.0293
2020-01-21T14:45,2005.0293
2020-01-21T15:00,2005.0293
2020-01-21T15:15,0.0
2020-01-21T15:30,0.0
2020-01-21T15:45,0.0
2020-01-21T16:00,0.0
2020-01-21T16:15,0.0
2020-01-21T16:30,0.0
2020-01-21T16:45,0.0
2020-01-21T17:00,0.0
2020-01-21T17:15,0.0
2020-01-21T17:30,0.0
2020-01-21T17:45,0.0
2020-01-21T18:00,0.0
2020-01-21T18:15,0.0
2020-01-21T18:30,0.0
2020-01-21T18:45,0.0
2020-01-21T19:00,0.0
2020-01-21T19:15,0.0
2020-01-21T19:30,0.0
2020-01-21T19:45,0.0
2020-01-21T20:00,0.0
2020-01-21T20:15,0.0
2020-01-21T20:30,0.0
2020-01-21T20:45,0.0
2020-01-21T21:00,0.0
2020-01-21T21:15,0.0
2020-01-21T21:30,0.0
2020-01-21T21:45,0.0
2020-01-21T22:00,0.0
2020-01-21T22:15,0.0
2020-01-21T22:30,0.0
2020-01-21T22:45,0.0
2020-01-21T23:00,0.0
2020-01-21T23:15,0.0
2020-01-21T23:30,0.0
2020-01-21T23:45,0.0
2020-01-22T00:00,0.0
2020-01-22T00:15,0.0
2020-01-22T00:30,0.0
2020-01-22T00:45,0.0
2020-01-22T01:00,0.0
2020-01-22T01:15,0.0
2020-01-22T01:30,0.0
2020-01-22T01:45,0.0
2020-01-22T02:00,0.0
2020-01-22T02:15,0.0
2020-01-22T02:30,0.0
2020-01-22T02:45,0.0
2020-01-22T03:00,0.0
2020-01-22T03:15,0.0
2020-01-22T03:30,0.0
2020-01-22T03:45,0.0
2020-01-22T04:00,0.0
2020-01-22T04:15,0.0
2020-01-22T04:30,0.0
2020-01-22T04:45,0.0
2020-01-22T05:00,0.0
2020-01-22T05:15,0.0
2020-01-22T05:30,0.0
2020-01-22T05:45,0.0
2020-01-22T06:00,0.0
2020-01-22T06:15,0.0
2020-01-22T06:30,0.0
2020-01-22T06:45,0.0
2020-01-22T07:00,0.0
2020-01-22T07:15,0.0
2020-01-22T07:30,0.0
2020-01-22T07:45,0.0
2020-01-22T08:00,0.0
2020-01-22T08:15,572.16895
2020-01-22T08:30,572.16895
2020-01-22T08:45,572.16895
2020-01-22T09:00,572.16895
2020-01-22T09:15,673.4042
2020-01-22T09:30,673.4042
2020-01-22T09:45,673.4042
2020-01-22T10:00,673.4042
2020-01-22T10:15,1084.0604
2020-01-22T10:30,1084.0604
2020-01-22T10:45,1084.0604
2020-01-22T11:00,1084.0604
2020-01-22T11:15,1522.6686
2020-01-22T11:30,1522.6686
2020-01-22T11:45,1522.6686
2020-01-22T12:00,1522.6686
2020-01-22T12:15,1261.8159
2020-01-22T12:30,1261.8159
2020-01-22T12:45,1261.8159
2020-01-22T13:00,1261.8159
2020-01-22T13:15,858.3528
2020-01-22T13:30,858.3528
2020-01-22T13:45,858.3528
2020-01-22T14:00,858.3528
2020-01-22T14:15,0.0
2020-01-22T14:30,0.0
2020-01-22T14:45,0.0
2020-01-22T15:00,0.0
2020-01-22T15:15,0.0
2020-01-22T15:30,0.0
2020-01-22T15:45,0.0
2020-01-22T16:00,0.0
2020-01-22T16:15,0.0
2020-01-22T16:30,0.0
2020-01-22T16:45,0.0
2020-01-22T17:00,0.0
2020-01-22T17:15,0.0
2020-01-22T17:30,0.0
2020-01-22T17:45,0.0
2020-01-22T18:00,0.0
2020-01-22T18:15,0.0
2020-01-22T18:30,0.0
2020-01-22T18:45,0.0
2020-01-22T19:00,0.0
2020-01-22T19:15,0.0
2020-01-22T19:30,0.0
2020-01-22T19:45,0.0
2020-01-22T20:00,0.0
2020-01-22T20:15,0.0
2020-01-22T20:30,0.0
2020-01-22T20:45,0.0
2020-01-22T21:00,0.0
2020-01-22T21:15,0.0
2020-01-22T21:30,0.0
2020-01-22T21:45,0.0
2020-01-22T22:00,0.0
2020-01-22T22:15,0.0
2020-01-22T22:30,0.0
2020-01-22T22:45,0.0
2020-01-22T23:00,0.0
2020-01-22T23:15,0.0
2020-01-22T23:30,0.0
2020-01-22T23:45,0.0
2020-01-23T00:00,0.0
2020-01-23T00:15,0.0
2020-01-23T00:30,0.0
2020-01-23T00:45,0.0
2020-01-23T01:00,0.0
2020-01-23T01:15,0.0
2020-01-23T01:30,0.0
2020-01-23T01:45,0.0
2020-01-23T02:00,0.0
2020-01-23T02:15,0.0
2020-01-23T02:30,0.0
2020-01-23T02:45,0.0
2020-01-23T03:00,0.0
2020-01-23T03:15,0.0
2020-01-23T03:30,0.0
2020-01-23T03:45,0.0
2020-01-23T04:00,0.0
2020-01-23T04:15,0.0
2020-01-23T04:30,0.0
2020-01-23T04:45,0.0
2020-01-23T05:00,0.0
2020-01-23T05:15,0.0
2020-01-23T05:30,0.0
2020-01-23T05:45,0.0
2020-01-23T06:00,0.0
2020-01-23T06:15,0.0
2020-01-23T06:30,0.0
2020-01-23T06:45,0.0
2020-01-23T07:00,0.0
2020-01-23T07:15,649.39545
2020-01-23T07:30,649.3952
2020-01-23T07:45,649.3952
2020-01-23T08:00,649.39545
2020-01-23T08:15,1107.7742
2020-01-23T08:30,1107.7742
2020-01-23T08:45,1107.7742
2020-01-23T09:00,1107.7742
2020-01-23T09:15,1885.992
2020-01-23T09:30,1885.992
2020-01-23T09:45,1885.992
2020-01-23T10:00,1885.992
2020-01-23T10:15,2198.6672
2020-01-23T10:30,2198.6672
2020-01-23T10:45,2198.6672
2020-01-23T11:00,2198.6672
2020-01-23T11:15,3296.4746
2020-01-23T11:30,3296.4746
2020-01-23T11:45,3296.4746
2020-01-23T12:00,3296.4746
2020-01-23T12:15,2671.2415
2020-01-23T12:30,2671.2415
2020-01-23T12:45,2671.2415
2020-01-23T13:00,2671.2415
2020-01-23T13:15,1542.4297
2020-01-23T13:30,1542.4297
2020-01-23T13:45,1542.4297
2020-01-23T14:00,1542.4297
2020-01-23T14:15,326.50336
2020-01-23T14:30,326.50336
2020-01-23T14:45,326.50336
2020-01-23T15:00,326.50336
2020-01-23T15:15,0.0
2020-01-23T15:30,0.0
2020-01-23T15:45,0.0
2020-01-23T16:00,0.0
2020-01-23T16:15,0.0
2020-01-23T16:30,0.0
2020-01-23T16:45,0.0
2020-01-23T17:00,0.0
2020-01-23T17:15,0.0
2020-01-23T17:30,0.0
2020-01-23T17:45,0.0
2020-01-23T18:00,0.0
2020-01-23T18:15,0.0
2020-01-23T18:30,0.0
2020-01-23T18:45,0.0
2020-01-23T19:00,0.0
2020-01-23T19:15,0.0
2020-01-23T19:30,0.0
2020-01-23T19:45,0.0
2020-01-23T20:00,0.0
2020-01-23T20:15,0.0
2020-01-23T20:30,0.0
2020-01-23T20:45,0.0
2020-01-23T21:00,0.0
2020-01-23T21:15,0.0
2020-01-23T21:30,0.0
2020-01-23T21:45,0.0
2020-01-23T22:00,0.0
2020-01-23T22:15,0.0
2020-01-23T22:30,0.0
2020-01-23T22:45,0.0
2020-01-23T23:00,0.0
2020-01-23T23:15,0.0
2020-01-23T23:30,0.0
2020-01-23T23:45,0.0
2020-01-24T00:00,0.0
2020-01-24T00:15,0.0
2020-01-24T00:30,0.0
2020-01-24T00:45,0.0
2020-01-24T01:00,0.0
2020-01-24T01:15,0.0
2020-01-24T01:30,0.0
2020-01-24T01:45,0.0
2020-01-24T02:00,0.0
2020-01-24T02:15,0.0
2020-01-24T02:30,0.0
2020-01-24T02:45,0.0
2020-01-24T03:00,0.0
2020-01-24T03:15,0.0
2020-01-24T03:30,0.0
2020-01-24T03:45,0.0
2020-01-24T04:00,0.0
2020-01-24T04:15,0.0
2020-01-24T04:30,0.0
2020-01-24T04:45,0.0
2020-01-24T05:00,0.0
2020-01-24T05:15,0.0
2020-01-24T05:30,0.0
2020-01-24T05:45,0.0
2020-01-24T06:00,0.0
2020-01-24T06:15,0.0
2020-01-24T06:30,0.0
2020-01-24T06:45,0.0
2020-01-24T07:00,0.0
2020-01-24T07:15,1567.8112
2020-01-24T07:30,1567.8108
2020-01-24T07:45,1567.8108
2020-01-24T08:00,1567.8112
2020-01-24T08:15,3563.3916
2020-01-24T08:30,3563.3916
2020-01-24T08:45,3563.3916
2020-01-24T09:00,3563.3916
2020-01-24T09:15,8423.271
2020-01-24T09:30,8423.271
2020-01-24T09:45,8423.271
2020-01-24T10:00,8423.271
2020-01-24T10:15,12351.044
2020-01-24T10:30,12351.044
2020-01-24T10:45,12351.044
2020-01-24T11:00,12351.044
2020-01-24T11:15,12979.297
2020-01-24T11:30,12979.297
2020-01-24T11:45,12979.297
2020-01-24T12:00,12979.297
2020-01-24T12:15,10669.526
2020-01-24T12:30,10669.526
2020-01-24T12:45,10669.526
2020-01-24T13:00,10669.526
2020-01-24T13:15,7238.581
2020-01-24T13:30,7238.581
2020-01-24T13:45,7238.581
2020-01-24T14:00,7238.581
2020-01-24T14:15,2482.0215
2020-01-24T14:30,2482.0215
2020-01-24T14:45,2482.0215
2020-01-24T15:00,2482.0215
2020-01-24T15:15,0.0
2020-01-24T15:30,0.0
2020-01-24T15:45,0.0
2020-01-24T16:00,0.0
2020-01-24T16:15,0.0
2020-01-24T16:30,0.0
2020-01-24T16:45,0.0
2020-01-24T17:00,0.0
2020-01-24T17:15,0.0
2020-01-24T17:30,0.0
2020-01-24T17:45,0.0
2020-01-24T18:00,0.0
2020-01-24T18:15,0.0
2020-01-24T18:30,0.0
2020-01-24T18:45,0.0
2020-01-24T19:00,0.0
2020-01-24T19:15,0.0
2020-01-24T19:30,0.0
2020-01-24T19:45,0.0
2020-01-24T20:00,0.0
2020-01-24T20:15,0.0
2020-01-24T20:30,0.0
2020-01-24T20:45,0.0
2020-01-24T21:00,0.0
2020-01-24T21:15,0.0
2020-01-24T21:30,0.0
2020-01-24T21:45,0.0
2020-01-24T22:00,0.0
2020-01-24T22:15,0.0
2020-01-24T22:30,0.0
2020-01-24T22:45,0.0
2020-01-24T23:00,0.0
2020-01-24T23:15,0.0
2020-01-24T23:30,0.0
2020-01-24T23:45,0.0
2020-01-25T00:00,0.0
2020-01-25T00:15,0.0
2020-01-25T00:30,0.0
2020-01-25T00:45,0.0
2020-01-25T01:00,0.0
2020-01-25T01:15,0.0
2020-01-25T01:30,0.0
2020-01-25T01:45,0.0
2020-01-25T02:00,0.0
2020-01-25T02:15,0.0
2020-01-25T02:30,0.0
2020-01-25T02:45,0.0
2020-01-25T03:00,0.0
2020-01-25T03:15,0.0
2020-01-25T03:30,0.0
2020-01-25T03:45,0.0
2020-01-25T04:00,0.0
2020-01-25T04:15,0.0
2020-01-25T04:30,0.0
2020-01-25T04:45,0.0
2020-01-25T05:00,0.0
2020-01-25T05:15,0.0
2020-01-25T05:30,0.0
2020-01-25T05:45,0.0
2020-01-25T06:00,0.0
2020-01-25T06:15,0.0
2020-01-25T06:30,0.0
2020-01-25T06:45,0.0
2020-01-25T07:00,0.0
2020-01-25T07:15,821.54346
2020-01-25T07:30,821.5431
2020-01-25T07:45,821.5431
2020-01-25T08:00,821.54346
2020-01-25T08:15,1267.0387
2020-01-25T08:30,1267.0387
2020-01-25T08:45,1267.0387
2020-01-25T09:00,1267.0387
2020-01-25T09:15,1818.3545
2020-01-25T09:30,1818.3545
2020-01-25T09:45,1818.3545
2020-01-25T10:00,1818.3545
2020-01-25T10:15,2281.724
2020-01-25T10:30,2281.724
2020-01-25T10:45,2281.724
2020-01-25T11:00,2281.724
2020-01-25T11:15,2418.765
2020-01-25T11:30,2418.765
2020-01-25T11:45,2418.765
2020-01-25T12:00,2418.765
2020-01-25T12:15,2224.5356
2020-01-25T12:30,2224.5356
2020-01-25T12:45,2224.5356
2020-01-25T13:00,2224.5356
2020-01-25T13:15,1563.3256
2020-01-25T13:30,1563.3256
2020-01-25T13:45,1563.3256
2020-01-25T14:00,1563.3256
2020-01-25T14:15,474.38382
2020-01-25T14:30,474.38382
2020-01-25T14:45,474.38382
2020-01-25T15:00,474.38382
2020-01-25T15:15,0.0
2020-01-25T15:30,0.0
2020-01-25T15:45,0.0
2020-01-25T16:00,0.0
2020-01-25T16:15,0.0
2020-01-25T16:30,0.0
2020-01-25T16:45,0.0
2020-01-25T17:00,0.0
2020-01-25T17:15,0.0
2020-01-25T17:30,0.0
2020-01-25T17:45,0.0
2020-01-25T18:00,0.0
2020-01-25T18:15,0.0
2020-01-25T18:30,0.0
2020-01-25T18:45,0.0
2020-01-25T19:00,0.0
2020-01-25T19:15,0.0
2020-01-25T19:30,0.0
2020-01-25T19:45,0.0
2020-01-25T20:00,0.0
2020-01-25T20:15,0.0
2020-01-25T20:30,0.0
2020-01-25T20:45,0.0
2020-01-25T21:00,0.0
2020-01-25T21:15,0.0
2020-01-25T21:30,0.0
2020-01-25T21:45,0.0
2020-01-25T22:00,0.0
2020-01-25T22:15,0.0
2020-01-25T22:30,0.0
2020-01-25T22:45,0.0
2020-01-25T23:00,0.0
2020-01-25T23:15,0.0
2020-01-25T23:30,0.0
2020-01-25T23:45,0.0
2020-01-26T00:00,0.0
2020-01-26T00:15,0.0
2020-01-26T00:30,0.0
2020-01-26T00:45,0.0
2020-01-26T01:00,0.0
2020-01-26T01:15,0.0
2020-01-26T01:30,0.0
2020-01-26T01:45,0.0
2020-01-26T02:00,0.0
2020-01-26T02:15,0.0
2020-01-26T02:30,0.0
2020-01-26T02:45,0.0
2020-01-26T03:00,0.0
2020-01-26T03:15,0.0
2020-01-26T03:30,0.0
2020-01-26T03:45,0.0
2020-01-26T04:00,0.0
2020-01-26T04:15,0.0
2020-01-26T04:30,0.0
2020-01-26T04:45,0.0
2020-01-26T05:00,0.0
2020-01-26T05:15,0.0
2020-01-26T05:30,0.0
2020-01-26T05:45,0.0
2020-01-26T06:00,0.0
2020-01-26T06:15,0.0
2020-01-26T06:30,0.0
2020-01-26T06:45,0.0
2020-01-26T07:00,0.0
2020-01-26T07:15,1035.9006
2020-01-26T07:30,1035.9005
2020-01-26T07:45,1035.9005
2020-01-26T08:00,1035.9006
2020-01-26T08:15,2070.2385
2020-01-26T08:30,2070.2385
2020-01-26T08:45,2070.2385
2020-01-26T09:00,2070.2385
2020-01-26T09:15,3031.6135
2020-01-26T09:30,3031.6135
2020-01-26T09:45,3031.6135
2020-01-26T10:00,3031.6135
2020-01-26T10:15,3233.9846
2020-01-26T10:30,3233.9846
2020-01-26T10:45,3233.9846
2020-01-26T11:00,3233.9846
2020-01-26T11:15,2908.249
2020-01-26T11:30,2908.249
2020-01-26T11:45,2908.249
2020-01-26T12:00,2908.249
2020-01-26T12:15,2134.8645
2020-01-26T12:30,2134.8645
2020-01-26T12:45,2134.8645
2020-01-26T13:00,2134.8645
2020-01-26T13:15,1037.293
2020-01-26T13:30,1037.293
2020-01-26T13:45,1037.293
2020-01-26T14:00,1037.293
2020-01-26T14:15,24.4893
2020-01-26T14:30,24.4893
2020-01-26T14:45,24.4893
2020-01-26T15:00,24.4893
2020-01-26T15:15,0.0
2020-01-26T15:30,0.0
2020-01-26T15:45,0.0
2020-01-26T16:00,0.0
2020-01-26T16:15,0.0
2020-01-26T16:30,0.0
2020-01-26T16:45,0.0
2020-01-26T17:00,0.0
2020-01-26T17:15,0.0
2020-01-26T17:30,0.0
2020-01-26T17:45,0.0
2020-01-26T18:00,0.0
2020-01-26T18:15,0.0
2020-01-26T18:30,0.0
2020-01-26T18:45,0.0
2020-01-26T19:00,0.0
2020-01-26T19:15,0.0
2020-01-26T19:30,0.0
2020-01-26T19:45,0.0
2020-01-26T20:00,0.0
2020-01-26T20:15,0.0
2020-01-26T20:30,0.0
2020-01-26T20:45,0.0
2020-01-26T21:00,0.0
2020-01-26T21:15,0.0
2020-01-26T21:30,0.0
2020-01-26T21:45,0.0
2020-01-26T22:00,0.0
2020-01-26T22:15,0.0
2020-01-26T22:30,0.0
2020-01-26T22:45,0.0
2020-01-26T23:00,0.0
2020-01-26T23:15,0.0
2020-01-26T23:30,0.0
2020-01-26T23:45,0.0
2020-01-27T00:00,0.0
2020-01-27T00:15,0.0
2020-01-27T00:30,0.0
2020-01-27T00:45,0.0
2020-01-27T01:00,0.0
2020-01-27T01:15,0.0
2020-01-27T01:30,0.0
2020-01-27T01:45,0.0
2020-01-27T02:00,0.0
2020-01-27T02:15,0.0
2020-01-27T02:30,0.0
2020-01-27T02:45,0.0
2020-01-27T03:00,0.0
2020-01-27T03:15,0.0
2020-01-27T03:30,0.0
2020-01-27T03:45,0.0
2020-01-27T04:00,0.0
2020-01-27T04:15,0.0
2020-01-27T04:30,0.0
2020-01-27T04:45,0.0
2020-01-27T05:00,0.0
2020-01-27T05:15,0.0
2020-01-27T05:30,0.0
2020-01-27T05:45,0.0
2020-01-27T06:00,0.0
2020-01-27T06:15,0.0
2020-01-27T06:30,0.0
2020-01-27T06:45,0.0
2020-01-27T07:00,0.0
2020-01-27T07:15,643.9881
2020-01-27T07:30,643.98816
2020-01-27T07:45,643.98816
2020-01-27T08:00,643.9881
2020-01-27T08:15,1123.9421
2020-01-27T08:30,1123.9421
2020-01-27T08:45,1123.9421
2020-01-27T09:00,1123.9421
2020-01-27T09:15,2447.363
2020-01-27T09:30,2447.363
2020-01-27T09:45,2447.363
2020-01-27T10:00,2447.363
2020-01-27T10:15,3413.155
2020-01-27T10:30,3413.155
2020-01-27T10:45,3413.155
2020-01-27T11:00,3413.155
2020-01-27T11:15,4209.1875
2020-01-27T11:30,4209.1875
2020-01-27T11:45,4209.1875
2020-01-27T12:00,4209.1875
2020-01-27T12:15,4597.277
2020-01-27T12:30,4597.277
2020-01-27T12:45,4597.277
2020-01-27T13:00,4597.277
2020-01-27T13:15,3211.7253
2020-01-27T13:30,3211.7253
2020-01-27T13:45,3211.7253
2020-01-27T14:00,3211.7253
2020-01-27T14:15,821.8259
2020-01-27T14:30,821.8259
2020-01-27T14:45,821.8259
2020-01-27T15:00,821.8259
2020-01-27T15:15,0.0
2020-01-27T15:30,0.0
2020-01-27T15:45,0.0
2020-01-27T16:00,0.0
2020-01-27T16:15,0.0
2020-01-27T16:30,0.0
2020-01-27T16:45,0.0
2020-01-27T17:00,0.0
2020-01-27T17:15,0.0
2020-01-27T17:30,0.0
2020-01-27T17:45,0.0
2020-01-27T18:00,0.0
2020-01-27T18:15,0.0
2020-01-27T18:30,0.0
2020-01-27T18:45,0.0
2020-01-27T19:00,0.0
2020-01-27T19:15,0.0
2020-01-27T19:30,0.0
2020-01-27T19:45,0.0
2020-01-27T20:00,0.0
2020-01-27T20:15,0.0
2020-01-27T20:30,0.0
2020-01-27T20:45,0.0
2020-01-27T21:00,0.0
2020-01-27T21:15,0.0
2020-01-27T21:30,0.0
2020-01-27T21:45,0.0
2020-01-27T22:00,0.0
2020-01-27T22:15,0.0
2020-01-27T22:30,0.0
2020-01-27T22:45,0.0
2020-01-27T23:00,0.0
2020-01-27T23:15,0.0
2020-01-27T23:30,0.0
2020-01-27T23:45,0.0
2020-01-28T00:00,0.0
2020-01-28T00:15,0.0
2020-01-28T00:30,0.0
2020-01-28T00:45,0.0
2020-01-28T01:00,0.0
2020-01-28T01:15,0.0
2020-01-28T01:30,0.0
2020-01-28T01:45,0.0
2020-01-28T02:00,0.0
2020-01-28T02:15,0.0
2020-01-28T02:30,0.0
2020-01-28T02:45,0.0
2020-01-28T03:00,0.0
2020-01-28T03:15,0.0
2020-01-28T03:30,0.0
2020-01-28T03:45,0.0
2020-01-28T04:00,0.0
2020-01-28T04:15,0.0
2020-01-28T04:30,0.0
2020-01-28T04:45,0.0
2020-01-28T05:00,0.0
2020-01-28T05:15,0.0
2020-01-28T05:30,0.0
2020-01-28T05:45,0.0
2020-01-28T06:00,0.0
2020-01-28T06:15,0.0
2020-01-28T06:30,0.0
2020-01-28T06:45,0.0
2020-01-28T07:00,0.0
2020-01-28T07:15,891.33026
2020-01-28T07:30,891.3302
2020-01-28T07:45,891.3302
2020-01-28T08:00,891.33026
2020-01-28T08:15,2565.922
2020-01-28T08:30,2565.922
2020-01-28T08:45,2565.922
2020-01-28T09:00,2565.922
2020-01-28T09:15,8579.032
2020-01-28T09:30,8579.032
2020-01-28T09:45,8579.032
2020-01-28T10:00,8579.032
2020-01-28T10:15,11599.31
2020-01-28T10:30,11599.31
2020-01-28T10:45,11599.31
2020-01-28T11:00,11599.31
2020-01-28T11:15,11627.334
2020-01-28T11:30,11627.334
2020-01-28T11:45,11627.334
2020-01-28T12:00,11627.334
2020-01-28T12:15,7825.0444
2020-01-28T12:30,7825.0444
2020-01-28T12:45,7825.0444
2020-01-28T13:00,7825.0444
2020-01-28T13:15,1520.1893
2020-01-28T13:30,1520.1893
2020-01-28T13:45,1520.1893
2020-01-28T14:00,1520.1893
2020-01-28T14:15,0.0
2020-01-28T14:30,0.0
2020-01-28T14:45,0.0
2020-01-28T15:00,0.0
2020-01-28T15:15,0.0
2020-01-28T15:30,0.0
2020-01-28T15:45,0.0
2020-01-28T16:00,0.0
2020-01-28T16:15,0.0
2020-01-28T16:30,0.0
2020-01-28T16:45,0.0
2020-01-28T17:00,0.0
2020-01-28T17:15,0.0
2020-01-28T17:30,0.0
2020-01-28T17:45,0.0
2020-01-28T18:00,0.0
2020-01-28T18:15,0.0
2020-01-28T18:30,0.0
2020-01-28T18:45,0.0
2020-01-28T19:00,0.0
2020-01-28T19:15,0.0
2020-01-28T19:30,0.0
2020-01-28T19:45,0.0
2020-01-28T20:00,0.0
2020-01-28T20:15,0.0
2020-01-28T20:30,0.0
2020-01-28T20:45,0.0
2020-01-28T21:00,0.0
2020-01-28T21:15,0.0
2020-01-28T21:30,0.0
2020-01-28T21:45,0.0
2020-01-28T22:00,0.0
2020-01-28T22:15,0.0
2020-01-28T22:30,0.0
2020-01-28T22:45,0.0
2020-01-28T23:00,0.0
2020-01-28T23:15,0.0
2020-01-28T23:30,0.0
2020-01-28T23:45,0.0
2020-01-29T00:00,0.0
2020-01-29T00:15,0.0
2020-01-29T00:30,0.0
2020-01-29T00:45,0.0
2020-01-29T01:00,0.0
2020-01-29T01:15,0.0
2020-01-29T01:30,0.0
2020-01-29T01:45,0.0
2020-01-29T02:00,0.0
2020-01-29T02:15,0.0
2020-01-29T02:30,0.0
2020-01-29T02:45,0.0
2020-01-29T03:00,0.0
2020-01-29T03:15,0.0
2020-01-29T03:30,0.0
2020-01-29T03:45,0.0
2020-01-29T04:00,0.0
2020-01-29T04:15,0.0
2020-01-29T04:30,0.0
2020-01-29T04:45,0.0
2020-01-29T05:00,0.0
2020-01-29T05:15,0.0
2020-01-29T05:30,0.0
2020-01-29T05:45,0.0
2020-01-29T06:00,0.0
2020-01-29T06:15,0.0
2020-01-29T06:30,0.0
2020-01-29T06:45,0.0
2020-01-29T07:00,0.0
2020-01-29T07:15,869.1277
2020-01-29T07:30,869.1277
2020-01-29T07:45,869.1277
2020-01-29T08:00,869.1277
2020-01-29T08:15,1526.9794
2020-01-29T08:30,1526.9794
2020-01-29T08:45,1526.9794
2020-01-29T09:00,1526.9794
2020-01-29T09:15,2326.868
2020-01-29T09:30,2326.868
2020-01-29T09:45,2326.868
2020-01-29T10:00,2326.868
2020-01-29T10:15,2537.5408
2020-01-29T10:30,2537.5408
2020-01-29T10:45,2537.5408
2020-01-29T11:00,2537.5408
2020-01-29T11:15,2060.7764
2020-01-29T11:30,2060.7764
2020-01-29T11:45,2060.7764
2020-01-29T12:00,2060.7764
2020-01-29T12:15,2084.6611
2020-01-29T12:30,2084.6611
2020-01-29T12:45,2084.6611
2020-01-29T13:00,2084.6611
2020-01-29T13:15,1936.79
2020-01-29T13:30,1936.79
2020-01-29T13:45,1936.79
2020-01-29T14:00,1936.79
2020-01-29T14:15,826.90857
2020-01-29T14:30,826.90857
2020-01-29T14:45,826.90857
2020-01-29T15:00,826.90857
2020-01-29T15:15,0.0
2020-01-29T15:30,0.0
2020-01-29T15:45,0.0
2020-01-29T16:00,0.0
2020-01-29T16:15,0.0
2020-01-29T16:30,0.0
2020-01-29T16:45,0.0
2020-01-29T17:00,0.0
2020-01-29T17:15,0.0
2020-01-29T17:30,0.0
2020-01-29T17:45,0.0
2020-01-29T18:00,0.0
2020-01-29T18:15,0.0
2020-01-29T18:30,0.0
2020-01-29T18:45,0.0
2020-01-29T19:00,0.0
2020-01-29T19:15,0.0
2020-01-29T19:30,0.0
2020-01-29T19:45,0.0
2020-01-29T20:00,0.0
2020-01-29T20:15,0.0
2020-01-29T20:30,0.0
2020-01-29T20:45,0.0
2020-01-29T21:00,0.0
2020-01-29T21:15,0.0
2020-01-29T21:30,0.0
2020-01-29T21:45,0.0
2020-01-29T22:00,0.0
2020-01-29T22:15,0.0
2020-01-29T22:30,0.0
2020-01-29T22:45,0.0
2020-01-29T23:00,0.0
2020-01-29T23:15,0.0
2020-01-29T23:30,0.0
2020-01-29T23:45,0.0
2020-01-30T00:00,0.0
2020-01-30T00:15,0.0
2020-01-30T00:30,0.0
2020-01-30T00:45,0.0
2020-01-30T01:00,0.0
2020-01-30T01:15,0.0
2020-01-30T01:30,0.0
2020-01-30T01:45,0.0
2020-01-30T02:00,0.0
2020-01-30T02:15,0.0
2020-01-30T02:30,0.0
2020-01-30T02:45,0.0
2020-01-30T03:00,0.0
2020-01-30T03:15,0.0
2020-01-30T03:30,0.0
2020-01-30T03:45,0.0
2020-01-30T04:00,0.0
2020-01-30T04:15,0.0
2020-01-30T04:30,0.0
2020-01-30T04:45,0.0
2020-01-30T05:00,0.0
2020-01-30T05:15,0.0
2020-01-30T05:30,0.0
2020-01-30T05:45,0.0
2020-01-30T06:00,0.0
2020-01-30T06:15,0.0
2020-01-30T06:30,0.0
2020-01-30T06:45,0.0
2020-01-30T07:00,0.0
2020-01-30T07:15,553.8126
2020-01-30T07:30,553.8126
2020-01-30T07:45,553.8126
2020-01-30T08:00,553.8126
2020-01-30T08:15,723.9606
2020-01-30T08:30,723.9606
2020-01-30T08:45,723.9606
2020-01-30T09:00,723.9606
2020-01-30T09:15,972.05194
2020-01-30T09:30,972.05194
2020-01-30T09:45,972.05194
2020-01-30T10:00,972.05194
2020-01-30T10:15,1383.1987
2020-01-30T10:30,1383.1987
2020-01-30T10:45,1383.1987
2020-01-30T11:00,1383.1987
2020-01-30T11:15,1392.4858
2020-01-30T11:30,1392.4858
2020-01-30T11:45,1392.4858
2020-01-30T12:00,1392.4858
2020-01-30T12:15,977.8194
2020-01-30T12:30,977.8194
2020-01-30T12:45,977.8194
2020-01-30T13:00,977.8194
2020-01-30T13:15,160.3417
2020-01-30T13:30,160.3417
2020-01-30T13:45,160.3417
2020-01-30T14:00,160.3417
2020-01-30T14:15,0.0
2020-01-30T14:30,0.0
2020-01-30T14:45,0.0
2020-01-30T15:00,0.0
2020-01-30T15:15,0.0
2020-01-30T15:30,0.0
2020-01-30T15:45,0.0
2020-01-30T16:00,0.0
2020-01-30T16:15,0.0
2020-01-30T16:30,0.0
2020-01-30T16:45,0.0
2020-01-30T17:00,0.0
2020-01-30T17:15,0.0
2020-01-30T17:30,0.0
2020-01-30T17:45,0.0
2020-01-30T18:00,0.0
2020-01-30T18:15,0.0
2020-01-30T18:30,0.0
2020-01-30T18:45,0.0
2020-01-30T19:00,0.0
2020-01-30T19:15,0.0
2020-01-30T19:30,0.0
2020-01-30T19:45,0.0
2020-01-30T20:00,0.0
2020-01-30T20:15,0.0
2020-01-30T20:30,0.0
2020-01-30T20:45,0.0
2020-01-30T21:00,0.0
2020-01-30T21:15,0.0
2020-01-30T21:30,0.0
2020-01-30T21:45,0.0
2020-01-30T22:00,0.0
2020-01-30T22:15,0.0
2020-01-30T22:30,0.0
2020-01-30T22:45,0.0
2020-01-30T23:00,0.0
2020-01-30T23:15,0.0
2020-01-30T23:30,0.0
2020-01-30T23:45,0.0
2020-01-31T00:00,0.0
2020-01-31T00:15,0.0
2020-01-31T00:30,0.0
2020-01-31T00:45,0.0
2020-01-31T01:00,0.0
2020-01-31T01:15,0.0
2020-01-31T01:30,0.0
2020-01-31T01:45,0.0
2020-01-31T02:00,0.0
2020-01-31T02:15,0.0
2020-01-31T02:30,0.0
2020-01-31T02:45,0.0
2020-01-31T03:00,0.0
2020-01-31T03:15,0.0
2020-01-31T03:30,0.0
2020-01-31T03:45,0.0
2020-01-31T04:00,0.0
2020-01-31T04:15,0.0
2020-01-31T04:30,0.0
2020-01-31T04:45,0.0
2020-01-31T05:00,0.0
2020-01-31T05:15,0.0
2020-01-31T05:30,0.0
2020-01-31T05:45,0.0
2020-01-31T06:00,0.0
2020-01-31T06:15,0.0
2020-01-31T06:30,0.0
2020-01-31T06:45,0.0
2020-01-31T07:00,0.0
2020-01-31T07:15,1983.4349
2020-01-31T07:30,1983.4349
2020-01-31T07:45,1983.4349
2020-01-31T08:00,1983.4349
2020-01-31T08:15,5373.392
2020-01-31T08:30,5373.392
2020-01-31T08:45,5373.392
2020-01-31T09:00,5373.392
2020-01-31T09:15,6506.0166
2020-01-31T09:30,6506.0166
2020-01-31T09:45,6506.0166
2020-01-31T10:00,6506.0166
2020-01-31T10:15,6431.667
2020-01-31T10:30,6431.667
2020-01-31T10:45,6431.667
2020-01-31T11:00,6431.667
2020-01-31T11:15,3837.251
2020-01-31T11:30,3837.251
2020-01-31T11:45,3837.251
2020-01-31T12:00,3837.251
2020-01-31T12:15,2536.8147
2020-01-31T12:30,2536.8147
2020-01-31T12:45,2536.8147
2020-01-31T13:00,2536.8147
2020-01-31T13:15,1350.1954
2020-01-31T13:30,1350.1954
2020-01-31T13:45,1350.1954
2020-01-31T14:00,1350.1954
2020-01-31T14:15,0.0
2020-01-31T14:30,0.0
2020-01-31T14:45,0.0
2020-01-31T15:00,0.0
2020-01-31T15:15,0.0
2020-01-31T15:30,0.0
2020-01-31T15:45,0.0
2020-01-31T16:00,0.0
2020-01-31T16:15,0.0
2020-01-31T16:30,0.0
2020-01-31T16:45,0.0
2020-01-31T17:00,0.0
2020-01-31T17:15,0.0
2020-01-31T17:30,0.0
2020-01-31T17:45,0.0
2020-01-31T18:00,0.0
2020-01-31T18:15,0.0
2020-01-31T18:30,0.0
2020-01-31T18:45,0.0
2020-01-31T19:00,0.0
2020-01-31T19:15,0.0
2020-01-31T19:30,0.0
2020-01-31T19:45,0.0
2020-01-31T20:00,0.0
2020-01-31T20:15,0.0
2020-01-31T20:30,0.0
2020-01-31T20:45,0.0
2020-01-31T21:00,0.0
2020-01-31T21:15,0.0
2020-01-31T21:30,0.0
2020-01-31T21:45,0.0
2020-01-31T22:00,0.0
2020-01-31T22:15,0.0
2020-01-31T22:30,0.0
2020-01-31T22:45,0.0
2020-01-31T23:00,0.0
2020-01-31T23:15,0.0
2020-01-31T23:30,0.0
2020-01-31T23:45,0.0
