,interval,kWh
0,2020-01-01T00:00,0.0
1,2020-01-01T00:15,0.0
2,2020-01-01T00:30,0.0
3,2020-01-01T00:45,0.0
4,2020-01-01T01:00,0.0
5,2020-01-01T01:15,0.0
6,2020-01-01T01:30,0.0
7,2020-01-01T01:45,0.0
8,2020-01-01T02:00,0.0
9,2020-01-01T02:15,0.0
10,2020-01-01T02:30,0.0
11,2020-01-01T02:45,0.0
12,2020-01-01T03:00,0.0
13,2020-01-01T03:15,0.0
14,2020-01-01T03:30,0.0
15,2020-01-01T03:45,0.0
16,2020-01-01T04:00,0.0
17,2020-01-01T04:15,0.0
18,2020-01-01T04:30,0.0
19,2020-01-01T04:45,0.0
20,2020-01-01T05:00,0.0
21,2020-01-01T05:15,0.0
22,2020-01-01T05:30,0.0
23,2020-01-01T05:45,0.0
24,2020-01-01T06:00,0.0
25,2020-01-01T06:15,0.0
26,2020-01-01T06:30,0.0
27,2020-01-01T06:45,0.0
28,2020-01-01T07:00,0.0
29,2020-01-01T07:15,0.242
30,2020-01-01T07:30,0.242
31,2020-01-01T07:45,0.242
32,2020-01-01T08:00,0.242
33,2020-01-01T08:15,0.449
34,2020-01-01T08:30,0.449
35,2020-01-01T08:45,0.449
36,2020-01-01T09:00,0.449
37,2020-01-01T09:15,0.727
38,2020-01-01T09:30,0.727
39,2020-01-01T09:45,0.727
40,2020-01-01T10:00,0.727
41,2020-01-01T10:15,0.934
42,2020-01-01T10:30,0.934
43,2020-01-01T10:45,0.934
44,2020-01-01T11:00,0.934
45,2020-01-01T11:15,0.955
46,2020-01-01T11:30,0.955
47,2020-01-01T11:45,0.955
48,2020-01-01T12:00,0.955
49,2020-01-01T12:15,0.762
50,2020-01-01T12:30,0.762
51,2020-01-01T12:45,0.762
52,2020-01-01T13:00,0.762
53,2020-01-01T13:15,0.377
54,2020-01-01T13:30,0.377
55,2020-01-01T13:45,0.377
56,2020-01-01T14:00,0.377
57,2020-01-01T14:15,0.0
58,2020-01-01T14:30,0.0
59,2020-01-01T14:45,0.0
60,2020-01-01T15:00,0.0
61,2020-01-01T15:15,0.0
62,2020-01-01T15:30,0.0
63,2020-01-01T15:45,0.0
64,2020-01-01T16:00,0.0
65,2020-01-01T16:15,0.0
66,2020-01-01T16:30,0.0
67,2020-01-01T16:45,0.0
68,2020-01-01T17:00,0.0
69,2020-01-01T17:15,0.0
70,2020-01-01T17:30,0.0
71,2020-01-01T17:45,0.0
72,2020-01-01T18:00,0.0
73,2020-01-01T18:15,0.0
74,2020-01-01T18:30,0.0
75,2020-01-01T18:45,0.0
76,2020-01-01T19:00,0.0
77,2020-01-01T19:15,0.0
78,2020-01-01T19:30,0.0
79,2020-01-01T19:45,0.0
80,2020-01-01T20:00,0.0
81,2020-01-01T20:15,0.0
82,2020-01-01T20:30,0.0
83,2020-01-01T20:45,0.0
84,2020-01-01T21:00,0.0
85,2020-01-01T21:15,0.0
86,2020-01-01T21:30,0.0
87,2020-01-01T21:45,0.0
88,2020-01-01T22:00,0.0
89,2020-01-01T22:15,0.0
90,2020-01-01T22:30,0.0
91,2020-01-01T22:45,0.0
92,2020-01-01T23:00,0.0
93,2020-01-01T23:15,0.0
94,2020-01-01T23:30,0.0
95,2020-01-01T23:45,0.0
96,2020-01-02T00:00,0.0
97,2020-01-02T00:15,0.0
98,2020-01-02T00:30,0.0
99,2020-01-02T00:45,0.0
100,2020-01-02T01:00,0.0
101,2020-01-02T01:15,0.0
102,2020-01-02T01:30,0.0
103,2020-01-02T01:45,0.0
104,2020-01-02T02:00,0.0
105,2020-01-02T02:15,0.0
106,2020-01-02T02:30,0.0
107,2020-01-02T02:45,0.0
108,2020-01-02T03:00,0.0
109,2020-01-02T03:15,0.0
110,2020-01-02T03:30,0.0
111,2020-01-02T03:45,0.0
112,2020-01-02T04:00,0.0
113,2020-01-02T04:15,0.0
114,2020-01-02T04:30,0.0
115,2020-01-02T04:45,0.0
116,2020-01-02T05:00,0.0
117,2020-01-02T05:15,0.0
118,2020-01-02T05:30,0.0
119,2020-01-02T05:45,0.0
120,2020-01-02T06:00,0.0
121,2020-01-02T06:15,0.0
122,2020-01-02T06:30,0.0
123,2020-01-02T06:45,0.0
124,2020-01-02T07:00,0.0
125,2020-01-02T07:15,0.534
126,2020-01-02T07:30,0.534
127,2020-01-02T07:45,0.534
128,2020-01-02T08:00,0.534
129,2020-01-02T08:15,2.11
130,2020-01-02T08:30,2.11
131,2020-01-02T08:45,2.11
132,2020-01-02T09:00,2.11
133,2020-01-02T09:15,3.968
134,2020-01-02T09:30,3.968
135,2020-01-02T09:45,3.968
136,2020-01-02T10:00,3.968
137,2020-01-02T10:15,4.603
138,2020-01-02T10:30,4.603
139,2020-01-02T10:45,4.603
140,2020-01-02T11:00,4.603
141,2020-01-02T11:15,4.547
142,2020-01-02T11:30,4.547
143,2020-01-02T11:45,4.547
144,2020-01-02T12:00,4.547
145,2020-01-02T12:15,3.85
146,2020-01-02T12:30,3.85
147,2020-01-02T12:45,3.85
148,2020-01-02T13:00,3.85
149,2020-01-02T13:15,2.502
150,2020-01-02T13:30,2.502
151,2020-01-02T13:45,2.502
152,2020-01-02T14:00,2.502
153,2020-01-02T14:15,0.742
154,2020-01-02T14:30,0.742
155,2020-01-02T14:45,0.742
156,2020-01-02T15:00,0.742
157,2020-01-02T15:15,0.0
158,2020-01-02T15:30,0.0
159,2020-01-02T15:45,0.0
160,2020-01-02T16:00,0.0
161,2020-01-02T16:15,0.0
162,2020-01-02T16:30,0.0
163,2020-01-02T16:45,0.0
164,2020-01-02T17:00,0.0
165,2020-01-02T17:15,0.0
166,2020-01-02T17:30,0.0
167,2020-01-02T17:45,0.0
168,2020-01-02T18:00,0.0
169,2020-01-02T18:15,0.0
170,2020-01-02T18:30,0.0
171,2020-01-02T18:45,0.0
172,2020-01-02T19:00,0.0
173,2020-01-02T19:15,0.0
174,2020-01-02T19:30,0.0
175,2020-01-02T19:45,0.0
176,2020-01-02T20:00,0.0
177,2020-01-02T20:15,0.0
178,2020-01-02T20:30,0.0
179,2020-01-02T20:45,0.0
180,2020-01-02T21:00,0.0
181,2020-01-02T21:15,0.0
182,2020-01-02T21:30,0.0
183,2020-01-02T21:45,0.0
184,2020-01-02T22:00,0.0
185,2020-01-02T22:15,0.0
186,2020-01-02T22:30,0.0
187,2020-01-02T22:45,0.0
188,2020-01-02T23:00,0.0
189,2020-01-02T23:15,0.0
190,2020-01-02T23:30,0.0
191,2020-01-02T23:45,0.0
192,2020-01-03T00:00,0.0
193,2020-01-03T00:15,0.0
194,2020-01-03T00:30,0.0
195,2020-01-03T00:45,0.0
196,2020-01-03T01:00,0.0
197,2020-01-03T01:15,0.0
198,2020-01-03T01:30,0.0
199,2020-01-03T01:45,0.0
200,2020-01-03T02:00,0.0
201,2020-01-03T02:15,0.0
202,2020-01-03T02:30,0.0
203,2020-01-03T02:45,0.0
204,2020-01-03T03:00,0.0
205,2020-01-03T03:15,0.0
206,2020-01-03T03:30,0.0
207,2020-01-03T03:45,0.0
208,2020-01-03T04:00,0.0
209,2020-01-03T04:15,0.0
210,2020-01-03T04:30,0.0
211,2020-01-03T04:45,0.0
212,2020-01-03T05:00,0.0
213,2020-01-03T05:15,0.0
214,2020-01-03T05:30,0.0
215,2020-01-03T05:45,0.0
216,2020-01-03T06:00,0.0
217,2020-01-03T06:15,0.0
218,2020-01-03T06:30,0.0
219,2020-01-03T06:45,0.0
220,2020-01-03T07:00,0.0
221,2020-01-03T07:15,0.275
222,2020-01-03T07:30,0.275
223,2020-01-03T07:45,0.275
224,2020-01-03T08:00,0.275
225,2020-01-03T08:15,0.425
226,2020-01-03T08:30,0.425
227,2020-01-03T08:45,0.425
228,2020-01-03T09:00,0.425
229,2020-01-03T09:15,0.444
230,2020-01-03T09:30,0.444
231,2020-01-03T09:45,0.444
232,2020-01-03T10:00,0.444
233,2020-01-03T10:15,0.602
234,2020-01-03T10:30,0.602
235,2020-01-03T10:45,0.602
236,2020-01-03T11:00,0.602
237,2020-01-03T11:15,0.665
238,2020-01-03T11:30,0.665
239,2020-01-03T11:45,0.665
240,2020-01-03T12:00,0.665
241,2020-01-03T12:15,0.441
242,2020-01-03T12:30,0.441
243,2020-01-03T12:45,0.441
244,2020-01-03T13:00,0.441
245,2020-01-03T13:15,0.14
246,2020-01-03T13:30,0.14
247,2020-01-03T13:45,0.14
248,2020-01-03T14:00,0.14
249,2020-01-03T14:15,0.0
250,2020-01-03T14:30,0.0
251,2020-01-03T14:45,0.0
252,2020-01-03T15:00,0.0
253,2020-01-03T15:15,0.0
254,2020-01-03T15:30,0.0
255,2020-01-03T15:45,0.0
256,2020-01-03T16:00,0.0
257,2020-01-03T16:15,0.0
258,2020-01-03T16:30,0.0
259,2020-01-03T16:45,0.0
260,2020-01-03T17:00,0.0
261,2020-01-03T17:15,0.0
262,2020-01-03T17:30,0.0
263,2020-01-03T17:45,0.0
264,2020-01-03T18:00,0.0
265,2020-01-03T18:15,0.0
266,2020-01-03T18:30,0.0
267,2020-01-03T18:45,0.0
268,2020-01-03T19:00,0.0
269,2020-01-03T19:15,0.0
270,2020-01-03T19:30,0.0
271,2020-01-03T19:45,0.0
272,2020-01-03T20:00,0.0
273,2020-01-03T20:15,0.0
274,2020-01-03T20:30,0.0
275,2020-01-03T20:45,0.0
276,2020-01-03T21:00,0.0
277,2020-01-03T21:15,0.0
278,2020-01-03T21:30,0.0
279,2020-01-03T21:45,0.0
280,2020-01-03T22:00,0.0
281,2020-01-03T22:15,0.0
282,2020-01-03T22:30,0.0
283,2020-01-03T22:45,0.0
284,2020-01-03T23:00,0.0
285,2020-01-03T23:15,0.0
286,2020-01-03T23:30,0.0
287,2020-01-03T23:45,0.0
288,2020-01-04T00:00,0.0
289,2020-01-04T00:15,0.0
290,2020-01-04T00:30,0.0
291,2020-01-04T00:45,0.0
292,2020-01-04T01:00,0.0
293,2020-01-04T01:15,0.0
294,2020-01-04T01:30,0.0
295,2020-01-04T01:45,0.0
296,2020-01-04T02:00,0.0
297,2020-01-04T02:15,0.0
298,2020-01-04T02:30,0.0
299,2020-01-04T02:45,0.0
300,2020-01-04T03:00,0.0
301,2020-01-04T03:15,0.0
302,2020-01-04T03:30,0.0
303,2020-01-04T03:45,0.0
304,2020-01-04T04:00,0.0
305,2020-01-04T04:15,0.0
306,2020-01-04T04:30,0.0
307,2020-01-04T04:45,0.0
308,2020-01-04T05:00,0.0
309,2020-01-04T05:15,0.0
310,2020-01-04T05:30,0.0
311,2020-01-04T05:45,0.0
312,2020-01-04T06:00,0.0
313,2020-01-04T06:15,0.0
314,2020-01-04T06:30,0.0
315,2020-01-04T06:45,0.0
316,2020-01-04T07:00,0.0
317,2020-01-04T07:15,0.0
318,2020-01-04T07:30,0.0
319,2020-01-04T07:45,0.0
320,2020-01-04T08:00,0.0
321,2020-01-04T08:15,0.215
322,2020-01-04T08:30,0.215
323,2020-01-04T08:45,0.215
324,2020-01-04T09:00,0.215
325,2020-01-04T09:15,0.239
326,2020-01-04T09:30,0.239
327,2020-01-04T09:45,0.239
328,2020-01-04T10:00,0.239
329,2020-01-04T10:15,0.277
330,2020-01-04T10:30,0.277
331,2020-01-04T10:45,0.277
332,2020-01-04T11:00,0.277
333,2020-01-04T11:15,0.145
334,2020-01-04T11:30,0.145
335,2020-01-04T11:45,0.145
336,2020-01-04T12:00,0.145
337,2020-01-04T12:15,0.236
338,2020-01-04T12:30,0.236
339,2020-01-04T12:45,0.236
340,2020-01-04T13:00,0.236
341,2020-01-04T13:15,0.131
342,2020-01-04T13:30,0.131
343,2020-01-04T13:45,0.131
344,2020-01-04T14:00,0.131
345,2020-01-04T14:15,0.097
346,2020-01-04T14:30,0.097
347,2020-01-04T14:45,0.097
348,2020-01-04T15:00,0.097
349,2020-01-04T15:15,0.0
350,2020-01-04T15:30,0.0
351,2020-01-04T15:45,0.0
352,2020-01-04T16:00,0.0
353,2020-01-04T16:15,0.0
354,2020-01-04T16:30,0.0
355,2020-01-04T16:45,0.0
356,2020-01-04T17:00,0.0
357,2020-01-04T17:15,0.0
358,2020-01-04T17:30,0.0
359,2020-01-04T17:45,0.0
360,2020-01-04T18:00,0.0
361,2020-01-04T18:15,0.0
362,2020-01-04T18:30,0.0
363,2020-01-04T18:45,0.0
364,2020-01-04T19:00,0.0
365,2020-01-04T19:15,0.0
366,2020-01-04T19:30,0.0
367,2020-01-04T19:45,0.0
368,2020-01-04T20:00,0.0
369,2020-01-04T20:15,0.0
370,2020-01-04T20:30,0.0
371,2020-01-04T20:45,0.0
372,2020-01-04T21:00,0.0
373,2020-01-04T21:15,0.0
374,2020-01-04T21:30,0.0
375,2020-01-04T21:45,0.0
376,2020-01-04T22:00,0.0
377,2020-01-04T22:15,0.0
378,2020-01-04T22:30,0.0
379,2020-01-04T22:45,0.0
380,2020-01-04T23:00,0.0
381,2020-01-04T23:15,0.0
382,2020-01-04T23:30,0.0
383,2020-01-04T23:45,0.0
384,2020-01-05T00:00,0.0
385,2020-01-05T00:15,0.0
386,2020-01-05T00:30,0.0
387,2020-01-05T00:45,0.0
388,2020-01-05T01:00,0.0
389,2020-01-05T01:15,0.0
390,2020-01-05T01:30,0.0
391,2020-01-05T01:45,0.0
392,2020-01-05T02:00,0.0
393,2020-01-05T02:15,0.0
394,2020-01-05T02:30,0.0
395,2020-01-05T02:45,0.0
396,2020-01-05T03:00,0.0
397,2020-01-05T03:15,0.0
398,2020-01-05T03:30,0.0
399,2020-01-05T03:45,0.0
400,2020-01-05T04:00,0.0
401,2020-01-05T04:15,0.0
402,2020-01-05T04:30,0.0
403,2020-01-05T04:45,0.0
404,2020-01-05T05:00,0.0
405,2020-01-05T05:15,0.0
406,2020-01-05T05:30,0.0
407,2020-01-05T05:45,0.0
408,2020-01-05T06:00,0.0
409,2020-01-05T06:15,0.0
410,2020-01-05T06:30,0.0
411,2020-01-05T06:45,0.0
412,2020-01-05T07:00,0.0
413,2020-01-05T07:15,0.327
414,2020-01-05T07:30,0.327
415,2020-01-05T07:45,0.327
416,2020-01-05T08:00,0.327
417,2020-01-05T08:15,1.069
418,2020-01-05T08:30,1.069
419,2020-01-05T08:45,1.069
420,2020-01-05T09:00,1.069
421,2020-01-05T09:15,2.634
422,2020-01-05T09:30,2.634
423,2020-01-05T09:45,2.634
424,2020-01-05T10:00,2.634
425,2020-01-05T10:15,4.325
426,2020-01-05T10:30,4.325
427,2020-01-05T10:45,4.325
428,2020-01-05T11:00,4.325
429,2020-01-05T11:15,4.253
430,2020-01-05T11:30,4.253
431,2020-01-05T11:45,4.253
432,2020-01-05T12:00,4.253
433,2020-01-05T12:15,3.479
434,2020-01-05T12:30,3.479
435,2020-01-05T12:45,3.479
436,2020-01-05T13:00,3.479
437,2020-01-05T13:15,1.919
438,2020-01-05T13:30,1.919
439,2020-01-05T13:45,1.919
440,2020-01-05T14:00,1.919
441,2020-01-05T14:15,0.367
442,2020-01-05T14:30,0.367
443,2020-01-05T14:45,0.367
444,2020-01-05T15:00,0.367
445,2020-01-05T15:15,0.0
446,2020-01-05T15:30,0.0
447,2020-01-05T15:45,0.0
448,2020-01-05T16:00,0.0
449,2020-01-05T16:15,0.0
450,2020-01-05T16:30,0.0
451,2020-01-05T16:45,0.0
452,2020-01-05T17:00,0.0
453,2020-01-05T17:15,0.0
454,2020-01-05T17:30,0.0
455,2020-01-05T17:45,0.0
456,2020-01-05T18:00,0.0
457,2020-01-05T18:15,0.0
458,2020-01-05T18:30,0.0
459,2020-01-05T18:45,0.0
460,2020-01-05T19:00,0.0
461,2020-01-05T19:15,0.0
462,2020-01-05T19:30,0.0
463,2020-01-05T19:45,0.0
464,2020-01-05T20:00,0.0
465,2020-01-05T20:15,0.0
466,2020-01-05T20:30,0.0
467,2020-01-05T20:45,0.0
468,2020-01-05T21:00,0.0
469,2020-01-05T21:15,0.0
470,2020-01-05T21:30,0.0
471,2020-01-05T21:45,0.0
472,2020-01-05T22:00,0.0
473,2020-01-05T22:15,0.0
474,2020-01-05T22:30,0.0
475,2020-01-05T22:45,0.0
476,2020-01-05T23:00,0.0
477,2020-01-05T23:15,0.0
478,2020-01-05T23:30,0.0
479,2020-01-05T23:45,0.0
480,2020-01-06T00:00,0.0
481,2020-01-06T00:15,0.0
482,2020-01-06T00:30,0.0
483,2020-01-06T00:45,0.0
484,2020-01-06T01:00,0.0
485,2020-01-06T01:15,0.0
486,2020-01-06T01:30,0.0
487,2020-01-06T01:45,0.0
488,2020-01-06T02:00,0.0
489,2020-01-06T02:15,0.0
490,2020-01-06T02:30,0.0
491,2020-01-06T02:45,0.0
492,2020-01-06T03:00,0.0
493,2020-01-06T03:15,0.0
494,2020-01-06T03:30,0.0
495,2020-01-06T03:45,0.0
496,2020-01-06T04:00,0.0
497,2020-01-06T04:15,0.0
498,2020-01-06T04:30,0.0
499,2020-01-06T04:45,0.0
500,2020-01-06T05:00,0.0
501,2020-01-06T05:15,0.0
502,2020-01-06T05:30,0.0
503,2020-01-06T05:45,0.0
504,2020-01-06T06:00,0.0
505,2020-01-06T06:15,0.0
506,2020-01-06T06:30,0.0
507,2020-01-06T06:45,0.0
508,2020-01-06T07:00,0.0
509,2020-01-06T07:15,0.0
510,2020-01-06T07:30,0.0
511,2020-01-06T07:45,0.0
512,2020-01-06T08:00,0.0
513,2020-01-06T08:15,0.444
514,2020-01-06T08:30,0.444
515,2020-01-06T08:45,0.444
516,2020-01-06T09:00,0.444
517,2020-01-06T09:15,0.858
518,2020-01-06T09:30,0.858
519,2020-01-06T09:45,0.858
520,2020-01-06T10:00,0.858
521,2020-01-06T10:15,1.222
522,2020-01-06T10:30,1.222
523,2020-01-06T10:45,1.222
524,2020-01-06T11:00,1.222
525,2020-01-06T11:15,1.388
526,2020-01-06T11:30,1.388
527,2020-01-06T11:45,1.388
528,2020-01-06T12:00,1.388
529,2020-01-06T12:15,1.143
530,2020-01-06T12:30,1.143
531,2020-01-06T12:45,1.143
532,2020-01-06T13:00,1.143
533,2020-01-06T13:15,0.702
534,2020-01-06T13:30,0.702
535,2020-01-06T13:45,0.702
536,2020-01-06T14:00,0.702
537,2020-01-06T14:15,0.169
538,2020-01-06T14:30,0.169
539,2020-01-06T14:45,0.169
540,2020-01-06T15:00,0.169
541,2020-01-06T15:15,0.0
542,2020-01-06T15:30,0.0
543,2020-01-06T15:45,0.0
544,2020-01-06T16:00,0.0
545,2020-01-06T16:15,0.0
546,2020-01-06T16:30,0.0
547,2020-01-06T16:45,0.0
548,2020-01-06T17:00,0.0
549,2020-01-06T17:15,0.0
550,2020-01-06T17:30,0.0
551,2020-01-06T17:45,0.0
552,2020-01-06T18:00,0.0
553,2020-01-06T18:15,0.0
554,2020-01-06T18:30,0.0
555,2020-01-06T18:45,0.0
556,2020-01-06T19:00,0.0
557,2020-01-06T19:15,0.0
558,2020-01-06T19:30,0.0
559,2020-01-06T19:45,0.0
560,2020-01-06T20:00,0.0
561,2020-01-06T20:15,0.0
562,2020-01-06T20:30,0.0
563,2020-01-06T20:45,0.0
564,2020-01-06T21:00,0.0
565,2020-01-06T21:15,0.0
566,2020-01-06T21:30,0.0
567,2020-01-06T21:45,0.0
568,2020-01-06T22:00,0.0
569,2020-01-06T22:15,0.0
570,2020-01-06T22:30,0.0
571,2020-01-06T22:45,0.0
572,2020-01-06T23:00,0.0
573,2020-01-06T23:15,0.0
574,2020-01-06T23:30,0.0
575,2020-01-06T23:45,0.0
576,2020-01-07T00:00,0.0
577,2020-01-07T00:15,0.0
578,2020-01-07T00:30,0.0
579,2020-01-07T00:45,0.0
580,2020-01-07T01:00,0.0
581,2020-01-07T01:15,0.0
582,2020-01-07T01:30,0.0
583,2020-01-07T01:45,0.0
584,2020-01-07T02:00,0.0
585,2020-01-07T02:15,0.0
586,2020-01-07T02:30,0.0
587,2020-01-07T02:45,0.0
588,2020-01-07T03:00,0.0
589,2020-01-07T03:15,0.0
590,2020-01-07T03:30,0.0
591,2020-01-07T03:45,0.0
592,2020-01-07T04:00,0.0
593,2020-01-07T04:15,0.0
594,2020-01-07T04:30,0.0
595,2020-01-07T04:45,0.0
596,2020-01-07T05:00,0.0
597,2020-01-07T05:15,0.0
598,2020-01-07T05:30,0.0
599,2020-01-07T05:45,0.0
600,2020-01-07T06:00,0.0
601,2020-01-07T06:15,0.0
602,2020-01-07T06:30,0.0
603,2020-01-07T06:45,0.0
604,2020-01-07T07:00,0.0
605,2020-01-07T07:15,0.358
606,2020-01-07T07:30,0.358
607,2020-01-07T07:45,0.358
608,2020-01-07T08:00,0.358
609,2020-01-07T08:15,0.879
610,2020-01-07T08:30,0.879
611,2020-01-07T08:45,0.879
612,2020-01-07T09:00,0.879
613,2020-01-07T09:15,1.067
614,2020-01-07T09:30,1.067
615,2020-01-07T09:45,1.067
616,2020-01-07T10:00,1.067
617,2020-01-07T10:15,0.722
618,2020-01-07T10:30,0.722
619,2020-01-07T10:45,0.722
620,2020-01-07T11:00,0.722
621,2020-01-07T11:15,0.299
622,2020-01-07T11:30,0.299
623,2020-01-07T11:45,0.299
624,2020-01-07T12:00,0.299
625,2020-01-07T12:15,0.223
626,2020-01-07T12:30,0.223
627,2020-01-07T12:45,0.223
628,2020-01-07T13:00,0.223
629,2020-01-07T13:15,0.164
630,2020-01-07T13:30,0.164
631,2020-01-07T13:45,0.164
632,2020-01-07T14:00,0.164
633,2020-01-07T14:15,0.0
634,2020-01-07T14:30,0.0
635,2020-01-07T14:45,0.0
636,2020-01-07T15:00,0.0
637,2020-01-07T15:15,0.0
638,2020-01-07T15:30,0.0
639,2020-01-07T15:45,0.0
640,2020-01-07T16:00,0.0
641,2020-01-07T16:15,0.0
642,2020-01-07T16:30,0.0
643,2020-01-07T16:45,0.0
644,2020-01-07T17:00,0.0
645,2020-01-07T17:15,0.0
646,2020-01-07T17:30,0.0
647,2020-01-07T17:45,0.0
648,2020-01-07T18:00,0.0
649,2020-01-07T18:15,0.0
650,2020-01-07T18:30,0.0
651,2020-01-07T18:45,0.0
652,2020-01-07T19:00,0.0
653,2020-01-07T19:15,0.0
654,2020-01-07T19:30,0.0
655,2020-01-07T19:45,0.0
656,2020-01-07T20:00,0.0
657,2020-01-07T20:15,0.0
658,2020-01-07T20:30,0.0
659,2020-01-07T20:45,0.0
660,2020-01-07T21:00,0.0
661,2020-01-07T21:15,0.0
662,2020-01-07T21:30,0.0
663,2020-01-07T21:45,0.0
664,2020-01-07T22:00,0.0
665,2020-01-07T22:15,0.0
666,2020-01-07T22:30,0.0
667,2020-01-07T22:45,0.0
668,2020-01-07T23:00,0.0
669,2020-01-07T23:15,0.0
670,2020-01-07T23:30,0.0
671,2020-01-07T23:45,0.0
672,2020-01-08T00:00,0.0
673,2020-01-08T00:15,0.0
674,2020-01-08T00:30,0.0
675,2020-01-08T00:45,0.0
676,2020-01-08T01:00,0.0
677,2020-01-08T01:15,0.0
678,2020-01-08T01:30,0.0
679,2020-01-08T01:45,0.0
680,2020-01-08T02:00,0.0
681,2020-01-08T02:15,0.0
682,2020-01-08T02:30,0.0
683,2020-01-08T02:45,0.0
684,2020-01-08T03:00,0.0
685,2020-01-08T03:15,0.0
686,2020-01-08T03:30,0.0
687,2020-01-08T03:45,0.0
688,2020-01-08T04:00,0.0
689,2020-01-08T04:15,0.0
690,2020-01-08T04:30,0.0
691,2020-01-08T04:45,0.0
692,2020-01-08T05:00,0.0
693,2020-01-08T05:15,0.0
694,2020-01-08T05:30,0.0
695,2020-01-08T05:45,0.0
696,2020-01-08T06:00,0.0
697,2020-01-08T06:15,0.0
698,2020-01-08T06:30,0.0
699,2020-01-08T06:45,0.0
700,2020-01-08T07:00,0.0
701,2020-01-08T07:15,0.0
702,2020-01-08T07:30,0.0
703,2020-01-08T07:45,0.0
704,2020-01-08T08:00,0.0
705,2020-01-08T08:15,0.199
706,2020-01-08T08:30,0.199
707,2020-01-08T08:45,0.199
708,2020-01-08T09:00,0.199
709,2020-01-08T09:15,0.182
710,2020-01-08T09:30,0.182
711,2020-01-08T09:45,0.182
712,2020-01-08T10:00,0.182
713,2020-01-08T10:15,0.238
714,2020-01-08T10:30,0.238
715,2020-01-08T10:45,0.238
716,2020-01-08T11:00,0.238
717,2020-01-08T11:15,0.372
718,2020-01-08T11:30,0.372
719,2020-01-08T11:45,0.372
720,2020-01-08T12:00,0.372
721,2020-01-08T12:15,0.19
722,2020-01-08T12:30,0.19
723,2020-01-08T12:45,0.19
724,2020-01-08T13:00,0.19
725,2020-01-08T13:15,0.0
726,2020-01-08T13:30,0.0
727,2020-01-08T13:45,0.0
728,2020-01-08T14:00,0.0
729,2020-01-08T14:15,0.0
730,2020-01-08T14:30,0.0
731,2020-01-08T14:45,0.0
732,2020-01-08T15:00,0.0
733,2020-01-08T15:15,0.0
734,2020-01-08T15:30,0.0
735,2020-01-08T15:45,0.0
736,2020-01-08T16:00,0.0
737,2020-01-08T16:15,0.0
738,2020-01-08T16:30,0.0
739,2020-01-08T16:45,0.0
740,2020-01-08T17:00,0.0
741,2020-01-08T17:15,0.0
742,2020-01-08T17:30,0.0
743,2020-01-08T17:45,0.0
744,2020-01-08T18:00,0.0
745,2020-01-08T18:15,0.0
746,2020-01-08T18:30,0.0
747,2020-01-08T18:45,0.0
748,2020-01-08T19:00,0.0
749,2020-01-08T19:15,0.0
750,2020-01-08T19:30,0.0
751,2020-01-08T19:45,0.0
752,2020-01-08T20:00,0.0
753,2020-01-08T20:15,0.0
754,2020-01-08T20:30,0.0
755,2020-01-08T20:45,0.0
756,2020-01-08T21:00,0.0
757,2020-01-08T21:15,0.0
758,2020-01-08T21:30,0.0
759,2020-01-08T21:45,0.0
760,2020-01-08T22:00,0.0
761,2020-01-08T22:15,0.0
762,2020-01-08T22:30,0.0
763,2020-01-08T22:45,0.0
764,2020-01-08T23:00,0.0
765,2020-01-08T23:15,0.0
766,2020-01-08T23:30,0.0
767,2020-01-08T23:45,0.0
768,2020-01-09T00:00,0.0
769,2020-01-09T00:15,0.0
770,2020-01-09T00:30,0.0
771,2020-01-09T00:45,0.0
772,2020-01-09T01:00,0.0
773,2020-01-09T01:15,0.0
774,2020-01-09T01:30,0.0
775,2020-01-09T01:45,0.0
776,2020-01-09T02:00,0.0
777,2020-01-09T02:15,0.0
778,2020-01-09T02:30,0.0
779,2020-01-09T02:45,0.0
780,2020-01-09T03:00,0.0
781,2020-01-09T03:15,0.0
782,2020-01-09T03:30,0.0
783,2020-01-09T03:45,0.0
784,2020-01-09T04:00,0.0
785,2020-01-09T04:15,0.0
786,2020-01-09T04:30,0.0
787,2020-01-09T04:45,0.0
788,2020-01-09T05:00,0.0
789,2020-01-09T05:15,0.0
790,2020-01-09T05:30,0.0
791,2020-01-09T05:45,0.0
792,2020-01-09T06:00,0.0
793,2020-01-09T06:15,0.0
794,2020-01-09T06:30,0.0
795,2020-01-09T06:45,0.0
796,2020-01-09T07:00,0.0
797,2020-01-09T07:15,0.274
798,2020-01-09T07:30,0.274
799,2020-01-09T07:45,0.274
800,2020-01-09T08:00,0.274
801,2020-01-09T08:15,0.617
802,2020-01-09T08:30,0.617
803,2020-01-09T08:45,0.617
804,2020-01-09T09:00,0.617
805,2020-01-09T09:15,1.009
806,2020-01-09T09:30,1.009
807,2020-01-09T09:45,1.009
808,2020-01-09T10:00,1.009
809,2020-01-09T10:15,0.955
810,2020-01-09T10:30,0.955
811,2020-01-09T10:45,0.955
812,2020-01-09T11:00,0.955
813,2020-01-09T11:15,0.312
814,2020-01-09T11:30,0.312
815,2020-01-09T11:45,0.312
816,2020-01-09T12:00,0.312
817,2020-01-09T12:15,0.125
818,2020-01-09T12:30,0.125
819,2020-01-09T12:45,0.125
820,2020-01-09T13:00,0.125
821,2020-01-09T13:15,0.0
822,2020-01-09T13:30,0.0
823,2020-01-09T13:45,0.0
824,2020-01-09T14:00,0.0
825,2020-01-09T14:15,0.0
826,2020-01-09T14:30,0.0
827,2020-01-09T14:45,0.0
828,2020-01-09T15:00,0.0
829,2020-01-09T15:15,0.0
830,2020-01-09T15:30,0.0
831,2020-01-09T15:45,0.0
832,2020-01-09T16:00,0.0
833,2020-01-09T16:15,0.0
834,2020-01-09T16:30,0.0
835,2020-01-09T16:45,0.0
836,2020-01-09T17:00,0.0
837,2020-01-09T17:15,0.0
838,2020-01-09T17:30,0.0
839,2020-01-09T17:45,0.0
840,2020-01-09T18:00,0.0
841,2020-01-09T18:15,0.0
842,2020-01-09T18:30,0.0
843,2020-01-09T18:45,0.0
844,2020-01-09T19:00,0.0
845,2020-01-09T19:15,0.0
846,2020-01-09T19:30,0.0
847,2020-01-09T19:45,0.0
848,2020-01-09T20:00,0.0
849,2020-01-09T20:15,0.0
850,2020-01-09T20:30,0.0
851,2020-01-09T20:45,0.0
852,2020-01-09T21:00,0.0
853,2020-01-09T21:15,0.0
854,2020-01-09T21:30,0.0
855,2020-01-09T21:45,0.0
856,2020-01-09T22:00,0.0
857,2020-01-09T22:15,0.0
858,2020-01-09T22:30,0.0
859,2020-01-09T22:45,0.0
860,2020-01-09T23:00,0.0
861,2020-01-09T23:15,0.0
862,2020-01-09T23:30,0.0
863,2020-01-09T23:45,0.0
864,2020-01-10T00:00,0.0
865,2020-01-10T00:15,0.0
866,2020-01-10T00:30,0.0
867,2020-01-10T00:45,0.0
868,2020-01-10T01:00,0.0
869,2020-01-10T01:15,0.0
870,2020-01-10T01:30,0.0
871,2020-01-10T01:45,0.0
872,2020-01-10T02:00,0.0
873,2020-01-10T02:15,0.0
874,2020-01-10T02:30,0.0
875,2020-01-10T02:45,0.0
876,2020-01-10T03:00,0.0
877,2020-01-10T03:15,0.0
878,2020-01-10T03:30,0.0
879,2020-01-10T03:45,0.0
880,2020-01-10T04:00,0.0
881,2020-01-10T04:15,0.0
882,2020-01-10T04:30,0.0
883,2020-01-10T04:45,0.0
884,2020-01-10T05:00,0.0
885,2020-01-10T05:15,0.0
886,2020-01-10T05:30,0.0
887,2020-01-10T05:45,0.0
888,2020-01-10T06:00,0.0
889,2020-01-10T06:15,0.0
890,2020-01-10T06:30,0.0
891,2020-01-10T06:45,0.0
892,2020-01-10T07:00,0.0
893,2020-01-10T07:15,0.0
894,2020-01-10T07:30,0.0
895,2020-01-10T07:45,0.0
896,2020-01-10T08:00,0.0
897,2020-01-10T08:15,0.19
898,2020-01-10T08:30,0.19
899,2020-01-10T08:45,0.19
900,2020-01-10T09:00,0.19
901,2020-01-10T09:15,0.469
902,2020-01-10T09:30,0.469
903,2020-01-10T09:45,0.469
904,2020-01-10T10:00,0.469
905,2020-01-10T10:15,1.317
906,2020-01-10T10:30,1.317
907,2020-01-10T10:45,1.317
908,2020-01-10T11:00,1.317
909,2020-01-10T11:15,2.547
910,2020-01-10T11:30,2.547
911,2020-01-10T11:45,2.547
912,2020-01-10T12:00,2.547
913,2020-01-10T12:15,2.567
914,2020-01-10T12:30,2.567
915,2020-01-10T12:45,2.567
916,2020-01-10T13:00,2.567
917,2020-01-10T13:15,1.605
918,2020-01-10T13:30,1.605
919,2020-01-10T13:45,1.605
920,2020-01-10T14:00,1.605
921,2020-01-10T14:15,0.282
922,2020-01-10T14:30,0.282
923,2020-01-10T14:45,0.282
924,2020-01-10T15:00,0.282
925,2020-01-10T15:15,0.0
926,2020-01-10T15:30,0.0
927,2020-01-10T15:45,0.0
928,2020-01-10T16:00,0.0
929,2020-01-10T16:15,0.0
930,2020-01-10T16:30,0.0
931,2020-01-10T16:45,0.0
932,2020-01-10T17:00,0.0
933,2020-01-10T17:15,0.0
934,2020-01-10T17:30,0.0
935,2020-01-10T17:45,0.0
936,2020-01-10T18:00,0.0
937,2020-01-10T18:15,0.0
938,2020-01-10T18:30,0.0
939,2020-01-10T18:45,0.0
940,2020-01-10T19:00,0.0
941,2020-01-10T19:15,0.0
942,2020-01-10T19:30,0.0
943,2020-01-10T19:45,0.0
944,2020-01-10T20:00,0.0
945,2020-01-10T20:15,0.0
946,2020-01-10T20:30,0.0
947,2020-01-10T20:45,0.0
948,2020-01-10T21:00,0.0
949,2020-01-10T21:15,0.0
950,2020-01-10T21:30,0.0
951,2020-01-10T21:45,0.0
952,2020-01-10T22:00,0.0
953,2020-01-10T22:15,0.0
954,2020-01-10T22:30,0.0
955,2020-01-10T22:45,0.0
956,2020-01-10T23:00,0.0
957,2020-01-10T23:15,0.0
958,2020-01-10T23:30,0.0
959,2020-01-10T23:45,0.0
960,2020-01-11T00:00,0.0
961,2020-01-11T00:15,0.0
962,2020-01-11T00:30,0.0
963,2020-01-11T00:45,0.0
964,2020-01-11T01:00,0.0
965,2020-01-11T01:15,0.0
966,2020-01-11T01:30,0.0
967,2020-01-11T01:45,0.0
968,2020-01-11T02:00,0.0
969,2020-01-11T02:15,0.0
970,2020-01-11T02:30,0.0
971,2020-01-11T02:45,0.0
972,2020-01-11T03:00,0.0
973,2020-01-11T03:15,0.0
974,2020-01-11T03:30,0.0
975,2020-01-11T03:45,0.0
976,2020-01-11T04:00,0.0
977,2020-01-11T04:15,0.0
978,2020-01-11T04:30,0.0
979,2020-01-11T04:45,0.0
980,2020-01-11T05:00,0.0
981,2020-01-11T05:15,0.0
982,2020-01-11T05:30,0.0
983,2020-01-11T05:45,0.0
984,2020-01-11T06:00,0.0
985,2020-01-11T06:15,0.0
986,2020-01-11T06:30,0.0
987,2020-01-11T06:45,0.0
988,2020-01-11T07:00,0.0
989,2020-01-11T07:15,0.38
990,2020-01-11T07:30,0.38
991,2020-01-11T07:45,0.38
992,2020-01-11T08:00,0.38
993,2020-01-11T08:15,1.098
994,2020-01-11T08:30,1.098
995,2020-01-11T08:45,1.098
996,2020-01-11T09:00,1.098
997,2020-01-11T09:15,2.096
998,2020-01-11T09:30,2.096
999,2020-01-11T09:45,2.096
1000,2020-01-11T10:00,2.096
1001,2020-01-11T10:15,3.557
1002,2020-01-11T10:30,3.557
1003,2020-01-11T10:45,3.557
1004,2020-01-11T11:00,3.557
1005,2020-01-11T11:15,4.107
1006,2020-01-11T11:30,4.107
1007,2020-01-11T11:45,4.107
1008,2020-01-11T12:00,4.107
1009,2020-01-11T12:15,3.432
1010,2020-01-11T12:30,3.432
1011,2020-01-11T12:45,3.432
1012,2020-01-11T13:00,3.432
1013,2020-01-11T13:15,2.081
1014,2020-01-11T13:30,2.081
1015,2020-01-11T13:45,2.081
1016,2020-01-11T14:00,2.081
1017,2020-01-11T14:15,0.319
1018,2020-01-11T14:30,0.319
1019,2020-01-11T14:45,0.319
1020,2020-01-11T15:00,0.319
1021,2020-01-11T15:15,0.0
1022,2020-01-11T15:30,0.0
1023,2020-01-11T15:45,0.0
1024,2020-01-11T16:00,0.0
1025,2020-01-11T16:15,0.0
1026,2020-01-11T16:30,0.0
1027,2020-01-11T16:45,0.0
1028,2020-01-11T17:00,0.0
1029,2020-01-11T17:15,0.0
1030,2020-01-11T17:30,0.0
1031,2020-01-11T17:45,0.0
1032,2020-01-11T18:00,0.0
1033,2020-01-11T18:15,0.0
1034,2020-01-11T18:30,0.0
1035,2020-01-11T18:45,0.0
1036,2020-01-11T19:00,0.0
1037,2020-01-11T19:15,0.0
1038,2020-01-11T19:30,0.0
1039,2020-01-11T19:45,0.0
1040,2020-01-11T20:00,0.0
1041,2020-01-11T20:15,0.0
1042,2020-01-11T20:30,0.0
1043,2020-01-11T20:45,0.0
1044,2020-01-11T21:00,0.0
1045,2020-01-11T21:15,0.0
1046,2020-01-11T21:30,0.0
1047,2020-01-11T21:45,0.0
1048,2020-01-11T22:00,0.0
1049,2020-01-11T22:15,0.0
1050,2020-01-11T22:30,0.0
1051,2020-01-11T22:45,0.0
1052,2020-01-11T23:00,0.0
1053,2020-01-11T23:15,0.0
1054,2020-01-11T23:30,0.0
1055,2020-01-11T23:45,0.0
1056,2020-01-12T00:00,0.0
1057,2020-01-12T00:15,0.0
1058,2020-01-12T00:30,0.0
1059,2020-01-12T00:45,0.0
1060,2020-01-12T01:00,0.0
1061,2020-01-12T01:15,0.0
1062,2020-01-12T01:30,0.0
1063,2020-01-12T01:45,0.0
1064,2020-01-12T02:00,0.0
1065,2020-01-12T02:15,0.0
1066,2020-01-12T02:30,0.0
1067,2020-01-12T02:45,0.0
1068,2020-01-12T03:00,0.0
1069,2020-01-12T03:15,0.0
1070,2020-01-12T03:30,0.0
1071,2020-01-12T03:45,0.0
1072,2020-01-12T04:00,0.0
1073,2020-01-12T04:15,0.0
1074,2020-01-12T04:30,0.0
1075,2020-01-12T04:45,0.0
1076,2020-01-12T05:00,0.0
1077,2020-01-12T05:15,0.0
1078,2020-01-12T05:30,0.0
1079,2020-01-12T05:45,0.0
1080,2020-01-12T06:00,0.0
1081,2020-01-12T06:15,0.0
1082,2020-01-12T06:30,0.0
1083,2020-01-12T06:45,0.0
1084,2020-01-12T07:00,0.0
1085,2020-01-12T07:15,0.311
1086,2020-01-12T07:30,0.311
1087,2020-01-12T07:45,0.311
1088,2020-01-12T08:00,0.311
1089,2020-01-12T08:15,0.974
1090,2020-01-12T08:30,0.974
1091,2020-01-12T08:45,0.974
1092,2020-01-12T09:00,0.974
1093,2020-01-12T09:15,2.216
1094,2020-01-12T09:30,2.216
1095,2020-01-12T09:45,2.216
1096,2020-01-12T10:00,2.216
1097,2020-01-12T10:15,2.491
1098,2020-01-12T10:30,2.491
1099,2020-01-12T10:45,2.491
1100,2020-01-12T11:00,2.491
1101,2020-01-12T11:15,2.226
1102,2020-01-12T11:30,2.226
1103,2020-01-12T11:45,2.226
1104,2020-01-12T12:00,2.226
1105,2020-01-12T12:15,2.155
1106,2020-01-12T12:30,2.155
1107,2020-01-12T12:45,2.155
1108,2020-01-12T13:00,2.155
1109,2020-01-12T13:15,1.512
1110,2020-01-12T13:30,1.512
1111,2020-01-12T13:45,1.512
1112,2020-01-12T14:00,1.512
1113,2020-01-12T14:15,0.096
1114,2020-01-12T14:30,0.096
1115,2020-01-12T14:45,0.096
1116,2020-01-12T15:00,0.096
1117,2020-01-12T15:15,0.0
1118,2020-01-12T15:30,0.0
1119,2020-01-12T15:45,0.0
1120,2020-01-12T16:00,0.0
1121,2020-01-12T16:15,0.0
1122,2020-01-12T16:30,0.0
1123,2020-01-12T16:45,0.0
1124,2020-01-12T17:00,0.0
1125,2020-01-12T17:15,0.0
1126,2020-01-12T17:30,0.0
1127,2020-01-12T17:45,0.0
1128,2020-01-12T18:00,0.0
1129,2020-01-12T18:15,0.0
1130,2020-01-12T18:30,0.0
1131,2020-01-12T18:45,0.0
1132,2020-01-12T19:00,0.0
1133,2020-01-12T19:15,0.0
1134,2020-01-12T19:30,0.0
1135,2020-01-12T19:45,0.0
1136,2020-01-12T20:00,0.0
1137,2020-01-12T20:15,0.0
1138,2020-01-12T20:30,0.0
1139,2020-01-12T20:45,0.0
1140,2020-01-12T21:00,0.0
1141,2020-01-12T21:15,0.0
1142,2020-01-12T21:30,0.0
1143,2020-01-12T21:45,0.0
1144,2020-01-12T22:00,0.0
1145,2020-01-12T22:15,0.0
1146,2020-01-12T22:30,0.0
1147,2020-01-12T22:45,0.0
1148,2020-01-12T23:00,0.0
1149,2020-01-12T23:15,0.0
1150,2020-01-12T23:30,0.0
1151,2020-01-12T23:45,0.0
1152,2020-01-13T00:00,0.0
1153,2020-01-13T00:15,0.0
1154,2020-01-13T00:30,0.0
1155,2020-01-13T00:45,0.0
1156,2020-01-13T01:00,0.0
1157,2020-01-13T01:15,0.0
1158,2020-01-13T01:30,0.0
1159,2020-01-13T01:45,0.0
1160,2020-01-13T02:00,0.0
1161,2020-01-13T02:15,0.0
1162,2020-01-13T02:30,0.0
1163,2020-01-13T02:45,0.0
1164,2020-01-13T03:00,0.0
1165,2020-01-13T03:15,0.0
1166,2020-01-13T03:30,0.0
1167,2020-01-13T03:45,0.0
1168,2020-01-13T04:00,0.0
1169,2020-01-13T04:15,0.0
1170,2020-01-13T04:30,0.0
1171,2020-01-13T04:45,0.0
1172,2020-01-13T05:00,0.0
1173,2020-01-13T05:15,0.0
1174,2020-01-13T05:30,0.0
1175,2020-01-13T05:45,0.0
1176,2020-01-13T06:00,0.0
1177,2020-01-13T06:15,0.0
1178,2020-01-13T06:30,0.0
1179,2020-01-13T06:45,0.0
1180,2020-01-13T07:00,0.0
1181,2020-01-13T07:15,0.154
1182,2020-01-13T07:30,0.154
1183,2020-01-13T07:45,0.154
1184,2020-01-13T08:00,0.154
1185,2020-01-13T08:15,0.29
1186,2020-01-13T08:30,0.29
1187,2020-01-13T08:45,0.29
1188,2020-01-13T09:00,0.29
1189,2020-01-13T09:15,0.524
1190,2020-01-13T09:30,0.524
1191,2020-01-13T09:45,0.524
1192,2020-01-13T10:00,0.524
1193,2020-01-13T10:15,0.855
1194,2020-01-13T10:30,0.855
1195,2020-01-13T10:45,0.855
1196,2020-01-13T11:00,0.855
1197,2020-01-13T11:15,1.024
1198,2020-01-13T11:30,1.024
1199,2020-01-13T11:45,1.024
1200,2020-01-13T12:00,1.024
1201,2020-01-13T12:15,0.813
1202,2020-01-13T12:30,0.813
1203,2020-01-13T12:45,0.813
1204,2020-01-13T13:00,0.813
1205,2020-01-13T13:15,0.388
1206,2020-01-13T13:30,0.388
1207,2020-01-13T13:45,0.388
1208,2020-01-13T14:00,0.388
1209,2020-01-13T14:15,0.0
1210,2020-01-13T14:30,0.0
1211,2020-01-13T14:45,0.0
1212,2020-01-13T15:00,0.0
1213,2020-01-13T15:15,0.0
1214,2020-01-13T15:30,0.0
1215,2020-01-13T15:45,0.0
1216,2020-01-13T16:00,0.0
1217,2020-01-13T16:15,0.0
1218,2020-01-13T16:30,0.0
1219,2020-01-13T16:45,0.0
1220,2020-01-13T17:00,0.0
1221,2020-01-13T17:15,0.0
1222,2020-01-13T17:30,0.0
1223,2020-01-13T17:45,0.0
1224,2020-01-13T18:00,0.0
1225,2020-01-13T18:15,0.0
1226,2020-01-13T18:30,0.0
1227,2020-01-13T18:45,0.0
1228,2020-01-13T19:00,0.0
1229,2020-01-13T19:15,0.0
1230,2020-01-13T19:30,0.0
1231,2020-01-13T19:45,0.0
1232,2020-01-13T20:00,0.0
1233,2020-01-13T20:15,0.0
1234,2020-01-13T20:30,0.0
1235,2020-01-13T20:45,0.0
1236,2020-01-13T21:00,0.0
1237,2020-01-13T21:15,0.0
1238,2020-01-13T21:30,0.0
1239,2020-01-13T21:45,0.0
1240,2020-01-13T22:00,0.0
1241,2020-01-13T22:15,0.0
1242,2020-01-13T22:30,0.0
1243,2020-01-13T22:45,0.0
1244,2020-01-13T23:00,0.0
1245,2020-01-13T23:15,0.0
1246,2020-01-13T23:30,0.0
1247,2020-01-13T23:45,0.0
1248,2020-01-14T00:00,0.0
1249,2020-01-14T00:15,0.0
1250,2020-01-14T00:30,0.0
1251,2020-01-14T00:45,0.0
1252,2020-01-14T01:00,0.0
1253,2020-01-14T01:15,0.0
1254,2020-01-14T01:30,0.0
1255,2020-01-14T01:45,0.0
1256,2020-01-14T02:00,0.0
1257,2020-01-14T02:15,0.0
1258,2020-01-14T02:30,0.0
1259,2020-01-14T02:45,0.0
1260,2020-01-14T03:00,0.0
1261,2020-01-14T03:15,0.0
1262,2020-01-14T03:30,0.0
1263,2020-01-14T03:45,0.0
1264,2020-01-14T04:00,0.0
1265,2020-01-14T04:15,0.0
1266,2020-01-14T04:30,0.0
1267,2020-01-14T04:45,0.0
1268,2020-01-14T05:00,0.0
1269,2020-01-14T05:15,0.0
1270,2020-01-14T05:30,0.0
1271,2020-01-14T05:45,0.0
1272,2020-01-14T06:00,0.0
1273,2020-01-14T06:15,0.0
1274,2020-01-14T06:30,0.0
1275,2020-01-14T06:45,0.0
1276,2020-01-14T07:00,0.0
1277,2020-01-14T07:15,0.297
1278,2020-01-14T07:30,0.297
1279,2020-01-14T07:45,0.297
1280,2020-01-14T08:00,0.297
1281,2020-01-14T08:15,0.683
1282,2020-01-14T08:30,0.683
1283,2020-01-14T08:45,0.683
1284,2020-01-14T09:00,0.683
1285,2020-01-14T09:15,0.611
1286,2020-01-14T09:30,0.611
1287,2020-01-14T09:45,0.611
1288,2020-01-14T10:00,0.611
1289,2020-01-14T10:15,0.522
1290,2020-01-14T10:30,0.522
1291,2020-01-14T10:45,0.522
1292,2020-01-14T11:00,0.522
1293,2020-01-14T11:15,1.398
1294,2020-01-14T11:30,1.398
1295,2020-01-14T11:45,1.398
1296,2020-01-14T12:00,1.398
1297,2020-01-14T12:15,1.39
1298,2020-01-14T12:30,1.39
1299,2020-01-14T12:45,1.39
1300,2020-01-14T13:00,1.39
1301,2020-01-14T13:15,0.768
1302,2020-01-14T13:30,0.768
1303,2020-01-14T13:45,0.768
1304,2020-01-14T14:00,0.768
1305,2020-01-14T14:15,0.0
1306,2020-01-14T14:30,0.0
1307,2020-01-14T14:45,0.0
1308,2020-01-14T15:00,0.0
1309,2020-01-14T15:15,0.0
1310,2020-01-14T15:30,0.0
1311,2020-01-14T15:45,0.0
1312,2020-01-14T16:00,0.0
1313,2020-01-14T16:15,0.0
1314,2020-01-14T16:30,0.0
1315,2020-01-14T16:45,0.0
1316,2020-01-14T17:00,0.0
1317,2020-01-14T17:15,0.0
1318,2020-01-14T17:30,0.0
1319,2020-01-14T17:45,0.0
1320,2020-01-14T18:00,0.0
1321,2020-01-14T18:15,0.0
1322,2020-01-14T18:30,0.0
1323,2020-01-14T18:45,0.0
1324,2020-01-14T19:00,0.0
1325,2020-01-14T19:15,0.0
1326,2020-01-14T19:30,0.0
1327,2020-01-14T19:45,0.0
1328,2020-01-14T20:00,0.0
1329,2020-01-14T20:15,0.0
1330,2020-01-14T20:30,0.0
1331,2020-01-14T20:45,0.0
1332,2020-01-14T21:00,0.0
1333,2020-01-14T21:15,0.0
1334,2020-01-14T21:30,0.0
1335,2020-01-14T21:45,0.0
1336,2020-01-14T22:00,0.0
1337,2020-01-14T22:15,0.0
1338,2020-01-14T22:30,0.0
1339,2020-01-14T22:45,0.0
1340,2020-01-14T23:00,0.0
1341,2020-01-14T23:15,0.0
1342,2020-01-14T23:30,0.0
1343,2020-01-14T23:45,0.0
1344,2020-01-15T00:00,0.0
1345,2020-01-15T00:15,0.0
1346,2020-01-15T00:30,0.0
1347,2020-01-15T00:45,0.0
1348,2020-01-15T01:00,0.0
1349,2020-01-15T01:15,0.0
1350,2020-01-15T01:30,0.0
1351,2020-01-15T01:45,0.0
1352,2020-01-15T02:00,0.0
1353,2020-01-15T02:15,0.0
1354,2020-01-15T02:30,0.0
1355,2020-01-15T02:45,0.0
1356,2020-01-15T03:00,0.0
1357,2020-01-15T03:15,0.0
1358,2020-01-15T03:30,0.0
1359,2020-01-15T03:45,0.0
1360,2020-01-15T04:00,0.0
1361,2020-01-15T04:15,0.0
1362,2020-01-15T04:30,0.0
1363,2020-01-15T04:45,0.0
1364,2020-01-15T05:00,0.0
1365,2020-01-15T05:15,0.0
1366,2020-01-15T05:30,0.0
1367,2020-01-15T05:45,0.0
1368,2020-01-15T06:00,0.0
1369,2020-01-15T06:15,0.0
1370,2020-01-15T06:30,0.0
1371,2020-01-15T06:45,0.0
1372,2020-01-15T07:00,0.0
1373,2020-01-15T07:15,0.22
1374,2020-01-15T07:30,0.22
1375,2020-01-15T07:45,0.22
1376,2020-01-15T08:00,0.22
1377,2020-01-15T08:15,1.463
1378,2020-01-15T08:30,1.463
1379,2020-01-15T08:45,1.463
1380,2020-01-15T09:00,1.463
1381,2020-01-15T09:15,3.34
1382,2020-01-15T09:30,3.34
1383,2020-01-15T09:45,3.34
1384,2020-01-15T10:00,3.34
1385,2020-01-15T10:15,4.099
1386,2020-01-15T10:30,4.099
1387,2020-01-15T10:45,4.099
1388,2020-01-15T11:00,4.099
1389,2020-01-15T11:15,3.791
1390,2020-01-15T11:30,3.791
1391,2020-01-15T11:45,3.791
1392,2020-01-15T12:00,3.791
1393,2020-01-15T12:15,3.12
1394,2020-01-15T12:30,3.12
1395,2020-01-15T12:45,3.12
1396,2020-01-15T13:00,3.12
1397,2020-01-15T13:15,2.124
1398,2020-01-15T13:30,2.124
1399,2020-01-15T13:45,2.124
1400,2020-01-15T14:00,2.124
1401,2020-01-15T14:15,0.537
1402,2020-01-15T14:30,0.537
1403,2020-01-15T14:45,0.537
1404,2020-01-15T15:00,0.537
1405,2020-01-15T15:15,0.0
1406,2020-01-15T15:30,0.0
1407,2020-01-15T15:45,0.0
1408,2020-01-15T16:00,0.0
1409,2020-01-15T16:15,0.0
1410,2020-01-15T16:30,0.0
1411,2020-01-15T16:45,0.0
1412,2020-01-15T17:00,0.0
1413,2020-01-15T17:15,0.0
1414,2020-01-15T17:30,0.0
1415,2020-01-15T17:45,0.0
1416,2020-01-15T18:00,0.0
1417,2020-01-15T18:15,0.0
1418,2020-01-15T18:30,0.0
1419,2020-01-15T18:45,0.0
1420,2020-01-15T19:00,0.0
1421,2020-01-15T19:15,0.0
1422,2020-01-15T19:30,0.0
1423,2020-01-15T19:45,0.0
1424,2020-01-15T20:00,0.0
1425,2020-01-15T20:15,0.0
1426,2020-01-15T20:30,0.0
1427,2020-01-15T20:45,0.0
1428,2020-01-15T21:00,0.0
1429,2020-01-15T21:15,0.0
1430,2020-01-15T21:30,0.0
1431,2020-01-15T21:45,0.0
1432,2020-01-15T22:00,0.0
1433,2020-01-15T22:15,0.0
1434,2020-01-15T22:30,0.0
1435,2020-01-15T22:45,0.0
1436,2020-01-15T23:00,0.0
1437,2020-01-15T23:15,0.0
1438,2020-01-15T23:30,0.0
1439,2020-01-15T23:45,0.0
1440,2020-01-16T00:00,0.0
1441,2020-01-16T00:15,0.0
1442,2020-01-16T00:30,0.0
1443,2020-01-16T00:45,0.0
1444,2020-01-16T01:00,0.0
1445,2020-01-16T01:15,0.0
1446,2020-01-16T01:30,0.0
1447,2020-01-16T01:45,0.0
1448,2020-01-16T02:00,0.0
1449,2020-01-16T02:15,0.0
1450,2020-01-16T02:30,0.0
1451,2020-01-16T02:45,0.0
1452,2020-01-16T03:00,0.0
1453,2020-01-16T03:15,0.0
1454,2020-01-16T03:30,0.0
1455,2020-01-16T03:45,0.0
1456,2020-01-16T04:00,0.0
1457,2020-01-16T04:15,0.0
1458,2020-01-16T04:30,0.0
1459,2020-01-16T04:45,0.0
1460,2020-01-16T05:00,0.0
1461,2020-01-16T05:15,0.0
1462,2020-01-16T05:30,0.0
1463,2020-01-16T05:45,0.0
1464,2020-01-16T06:00,0.0
1465,2020-01-16T06:15,0.0
1466,2020-01-16T06:30,0.0
1467,2020-01-16T06:45,0.0
1468,2020-01-16T07:00,0.0
1469,2020-01-16T07:15,0.569
1470,2020-01-16T07:30,0.569
1471,2020-01-16T07:45,0.569
1472,2020-01-16T08:00,0.569
1473,2020-01-16T08:15,1.177
1474,2020-01-16T08:30,1.177
1475,2020-01-16T08:45,1.177
1476,2020-01-16T09:00,1.177
1477,2020-01-16T09:15,2.901
1478,2020-01-16T09:30,2.901
1479,2020-01-16T09:45,2.901
1480,2020-01-16T10:00,2.901
1481,2020-01-16T10:15,4.43
1482,2020-01-16T10:30,4.43
1483,2020-01-16T10:45,4.43
1484,2020-01-16T11:00,4.43
1485,2020-01-16T11:15,4.434
1486,2020-01-16T11:30,4.434
1487,2020-01-16T11:45,4.434
1488,2020-01-16T12:00,4.434
1489,2020-01-16T12:15,3.779
1490,2020-01-16T12:30,3.779
1491,2020-01-16T12:45,3.779
1492,2020-01-16T13:00,3.779
1493,2020-01-16T13:15,2.496
1494,2020-01-16T13:30,2.496
1495,2020-01-16T13:45,2.496
1496,2020-01-16T14:00,2.496
1497,2020-01-16T14:15,0.752
1498,2020-01-16T14:30,0.752
1499,2020-01-16T14:45,0.752
1500,2020-01-16T15:00,0.752
1501,2020-01-16T15:15,0.0
1502,2020-01-16T15:30,0.0
1503,2020-01-16T15:45,0.0
1504,2020-01-16T16:00,0.0
1505,2020-01-16T16:15,0.0
1506,2020-01-16T16:30,0.0
1507,2020-01-16T16:45,0.0
1508,2020-01-16T17:00,0.0
1509,2020-01-16T17:15,0.0
1510,2020-01-16T17:30,0.0
1511,2020-01-16T17:45,0.0
1512,2020-01-16T18:00,0.0
1513,2020-01-16T18:15,0.0
1514,2020-01-16T18:30,0.0
1515,2020-01-16T18:45,0.0
1516,2020-01-16T19:00,0.0
1517,2020-01-16T19:15,0.0
1518,2020-01-16T19:30,0.0
1519,2020-01-16T19:45,0.0
1520,2020-01-16T20:00,0.0
1521,2020-01-16T20:15,0.0
1522,2020-01-16T20:30,0.0
1523,2020-01-16T20:45,0.0
1524,2020-01-16T21:00,0.0
1525,2020-01-16T21:15,0.0
1526,2020-01-16T21:30,0.0
1527,2020-01-16T21:45,0.0
1528,2020-01-16T22:00,0.0
1529,2020-01-16T22:15,0.0
1530,2020-01-16T22:30,0.0
1531,2020-01-16T22:45,0.0
1532,2020-01-16T23:00,0.0
1533,2020-01-16T23:15,0.0
1534,2020-01-16T23:30,0.0
1535,2020-01-16T23:45,0.0
1536,2020-01-17T00:00,0.0
1537,2020-01-17T00:15,0.0
1538,2020-01-17T00:30,0.0
1539,2020-01-17T00:45,0.0
1540,2020-01-17T01:00,0.0
1541,2020-01-17T01:15,0.0
1542,2020-01-17T01:30,0.0
1543,2020-01-17T01:45,0.0
1544,2020-01-17T02:00,0.0
1545,2020-01-17T02:15,0.0
1546,2020-01-17T02:30,0.0
1547,2020-01-17T02:45,0.0
1548,2020-01-17T03:00,0.0
1549,2020-01-17T03:15,0.0
1550,2020-01-17T03:30,0.0
1551,2020-01-17T03:45,0.0
1552,2020-01-17T04:00,0.0
1553,2020-01-17T04:15,0.0
1554,2020-01-17T04:30,0.0
1555,2020-01-17T04:45,0.0
1556,2020-01-17T05:00,0.0
1557,2020-01-17T05:15,0.0
1558,2020-01-17T05:30,0.0
1559,2020-01-17T05:45,0.0
1560,2020-01-17T06:00,0.0
1561,2020-01-17T06:15,0.0
1562,2020-01-17T06:30,0.0
1563,2020-01-17T06:45,0.0
1564,2020-01-17T07:00,0.0
1565,2020-01-17T07:15,0.228
1566,2020-01-17T07:30,0.228
1567,2020-01-17T07:45,0.228
1568,2020-01-17T08:00,0.228
1569,2020-01-17T08:15,0.453
1570,2020-01-17T08:30,0.453
1571,2020-01-17T08:45,0.453
1572,2020-01-17T09:00,0.453
1573,2020-01-17T09:15,0.896
1574,2020-01-17T09:30,0.896
1575,2020-01-17T09:45,0.896
1576,2020-01-17T10:00,0.896
1577,2020-01-17T10:15,2.548
1578,2020-01-17T10:30,2.548
1579,2020-01-17T10:45,2.548
1580,2020-01-17T11:00,2.548
1581,2020-01-17T11:15,4.06
1582,2020-01-17T11:30,4.06
1583,2020-01-17T11:45,4.06
1584,2020-01-17T12:00,4.06
1585,2020-01-17T12:15,3.574
1586,2020-01-17T12:30,3.574
1587,2020-01-17T12:45,3.574
1588,2020-01-17T13:00,3.574
1589,2020-01-17T13:15,2.276
1590,2020-01-17T13:30,2.276
1591,2020-01-17T13:45,2.276
1592,2020-01-17T14:00,2.276
1593,2020-01-17T14:15,0.645
1594,2020-01-17T14:30,0.645
1595,2020-01-17T14:45,0.645
1596,2020-01-17T15:00,0.645
1597,2020-01-17T15:15,0.0
1598,2020-01-17T15:30,0.0
1599,2020-01-17T15:45,0.0
1600,2020-01-17T16:00,0.0
1601,2020-01-17T16:15,0.0
1602,2020-01-17T16:30,0.0
1603,2020-01-17T16:45,0.0
1604,2020-01-17T17:00,0.0
1605,2020-01-17T17:15,0.0
1606,2020-01-17T17:30,0.0
1607,2020-01-17T17:45,0.0
1608,2020-01-17T18:00,0.0
1609,2020-01-17T18:15,0.0
1610,2020-01-17T18:30,0.0
1611,2020-01-17T18:45,0.0
1612,2020-01-17T19:00,0.0
1613,2020-01-17T19:15,0.0
1614,2020-01-17T19:30,0.0
1615,2020-01-17T19:45,0.0
1616,2020-01-17T20:00,0.0
1617,2020-01-17T20:15,0.0
1618,2020-01-17T20:30,0.0
1619,2020-01-17T20:45,0.0
1620,2020-01-17T21:00,0.0
1621,2020-01-17T21:15,0.0
1622,2020-01-17T21:30,0.0
1623,2020-01-17T21:45,0.0
1624,2020-01-17T22:00,0.0
1625,2020-01-17T22:15,0.0
1626,2020-01-17T22:30,0.0
1627,2020-01-17T22:45,0.0
1628,2020-01-17T23:00,0.0
1629,2020-01-17T23:15,0.0
1630,2020-01-17T23:30,0.0
1631,2020-01-17T23:45,0.0
1632,2020-01-18T00:00,0.0
1633,2020-01-18T00:15,0.0
1634,2020-01-18T00:30,0.0
1635,2020-01-18T00:45,0.0
1636,2020-01-18T01:00,0.0
1637,2020-01-18T01:15,0.0
1638,2020-01-18T01:30,0.0
1639,2020-01-18T01:45,0.0
1640,2020-01-18T02:00,0.0
1641,2020-01-18T02:15,0.0
1642,2020-01-18T02:30,0.0
1643,2020-01-18T02:45,0.0
1644,2020-01-18T03:00,0.0
1645,2020-01-18T03:15,0.0
1646,2020-01-18T03:30,0.0
1647,2020-01-18T03:45,0.0
1648,2020-01-18T04:00,0.0
1649,2020-01-18T04:15,0.0
1650,2020-01-18T04:30,0.0
1651,2020-01-18T04:45,0.0
1652,2020-01-18T05:00,0.0
1653,2020-01-18T05:15,0.0
1654,2020-01-18T05:30,0.0
1655,2020-01-18T05:45,0.0
1656,2020-01-18T06:00,0.0
1657,2020-01-18T06:15,0.0
1658,2020-01-18T06:30,0.0
1659,2020-01-18T06:45,0.0
1660,2020-01-18T07:00,0.0
1661,2020-01-18T07:15,0.306
1662,2020-01-18T07:30,0.306
1663,2020-01-18T07:45,0.306
1664,2020-01-18T08:00,0.306
1665,2020-01-18T08:15,1.031
1666,2020-01-18T08:30,1.031
1667,2020-01-18T08:45,1.031
1668,2020-01-18T09:00,1.031
1669,2020-01-18T09:15,2.075
1670,2020-01-18T09:30,2.075
1671,2020-01-18T09:45,2.075
1672,2020-01-18T10:00,2.075
1673,2020-01-18T10:15,1.998
1674,2020-01-18T10:30,1.998
1675,2020-01-18T10:45,1.998
1676,2020-01-18T11:00,1.998
1677,2020-01-18T11:15,1.586
1678,2020-01-18T11:30,1.586
1679,2020-01-18T11:45,1.586
1680,2020-01-18T12:00,1.586
1681,2020-01-18T12:15,0.868
1682,2020-01-18T12:30,0.868
1683,2020-01-18T12:45,0.868
1684,2020-01-18T13:00,0.868
1685,2020-01-18T13:15,0.383
1686,2020-01-18T13:30,0.383
1687,2020-01-18T13:45,0.383
1688,2020-01-18T14:00,0.383
1689,2020-01-18T14:15,0.0
1690,2020-01-18T14:30,0.0
1691,2020-01-18T14:45,0.0
1692,2020-01-18T15:00,0.0
1693,2020-01-18T15:15,0.0
1694,2020-01-18T15:30,0.0
1695,2020-01-18T15:45,0.0
1696,2020-01-18T16:00,0.0
1697,2020-01-18T16:15,0.0
1698,2020-01-18T16:30,0.0
1699,2020-01-18T16:45,0.0
1700,2020-01-18T17:00,0.0
1701,2020-01-18T17:15,0.0
1702,2020-01-18T17:30,0.0
1703,2020-01-18T17:45,0.0
1704,2020-01-18T18:00,0.0
1705,2020-01-18T18:15,0.0
1706,2020-01-18T18:30,0.0
1707,2020-01-18T18:45,0.0
1708,2020-01-18T19:00,0.0
1709,2020-01-18T19:15,0.0
1710,2020-01-18T19:30,0.0
1711,2020-01-18T19:45,0.0
1712,2020-01-18T20:00,0.0
1713,2020-01-18T20:15,0.0
1714,2020-01-18T20:30,0.0
1715,2020-01-18T20:45,0.0
1716,2020-01-18T21:00,0.0
1717,2020-01-18T21:15,0.0
1718,2020-01-18T21:30,0.0
1719,2020-01-18T21:45,0.0
1720,2020-01-18T22:00,0.0
1721,2020-01-18T22:15,0.0
1722,2020-01-18T22:30,0.0
1723,2020-01-18T22:45,0.0
1724,2020-01-18T23:00,0.0
1725,2020-01-18T23:15,0.0
1726,2020-01-18T23:30,0.0
1727,2020-01-18T23:45,0.0
1728,2020-01-19T00:00,0.0
1729,2020-01-19T00:15,0.0
1730,2020-01-19T00:30,0.0
1731,2020-01-19T00:45,0.0
1732,2020-01-19T01:00,0.0
1733,2020-01-19T01:15,0.0
1734,2020-01-19T01:30,0.0
1735,2020-01-19T01:45,0.0
1736,2020-01-19T02:00,0.0
1737,2020-01-19T02:15,0.0
1738,2020-01-19T02:30,0.0
1739,2020-01-19T02:45,0.0
1740,2020-01-19T03:00,0.0
1741,2020-01-19T03:15,0.0
1742,2020-01-19T03:30,0.0
1743,2020-01-19T03:45,0.0
1744,2020-01-19T04:00,0.0
1745,2020-01-19T04:15,0.0
1746,2020-01-19T04:30,0.0
1747,2020-01-19T04:45,0.0
1748,2020-01-19T05:00,0.0
1749,2020-01-19T05:15,0.0
1750,2020-01-19T05:30,0.0
1751,2020-01-19T05:45,0.0
1752,2020-01-19T06:00,0.0
1753,2020-01-19T06:15,0.0
1754,2020-01-19T06:30,0.0
1755,2020-01-19T06:45,0.0
1756,2020-01-19T07:00,0.0
1757,2020-01-19T07:15,0.221
1758,2020-01-19T07:30,0.221
1759,2020-01-19T07:45,0.221
1760,2020-01-19T08:00,0.221
1761,2020-01-19T08:15,0.418
1762,2020-01-19T08:30,0.418
1763,2020-01-19T08:45,0.418
1764,2020-01-19T09:00,0.418
1765,2020-01-19T09:15,0.63
1766,2020-01-19T09:30,0.63
1767,2020-01-19T09:45,0.63
1768,2020-01-19T10:00,0.63
1769,2020-01-19T10:15,0.747
1770,2020-01-19T10:30,0.747
1771,2020-01-19T10:45,0.747
1772,2020-01-19T11:00,0.747
1773,2020-01-19T11:15,0.665
1774,2020-01-19T11:30,0.665
1775,2020-01-19T11:45,0.665
1776,2020-01-19T12:00,0.665
1777,2020-01-19T12:15,0.465
1778,2020-01-19T12:30,0.465
1779,2020-01-19T12:45,0.465
1780,2020-01-19T13:00,0.465
1781,2020-01-19T13:15,0.277
1782,2020-01-19T13:30,0.277
1783,2020-01-19T13:45,0.277
1784,2020-01-19T14:00,0.277
1785,2020-01-19T14:15,0.01
1786,2020-01-19T14:30,0.01
1787,2020-01-19T14:45,0.01
1788,2020-01-19T15:00,0.01
1789,2020-01-19T15:15,0.0
1790,2020-01-19T15:30,0.0
1791,2020-01-19T15:45,0.0
1792,2020-01-19T16:00,0.0
1793,2020-01-19T16:15,0.0
1794,2020-01-19T16:30,0.0
1795,2020-01-19T16:45,0.0
1796,2020-01-19T17:00,0.0
1797,2020-01-19T17:15,0.0
1798,2020-01-19T17:30,0.0
1799,2020-01-19T17:45,0.0
1800,2020-01-19T18:00,0.0
1801,2020-01-19T18:15,0.0
1802,2020-01-19T18:30,0.0
1803,2020-01-19T18:45,0.0
1804,2020-01-19T19:00,0.0
1805,2020-01-19T19:15,0.0
1806,2020-01-19T19:30,0.0
1807,2020-01-19T19:45,0.0
1808,2020-01-19T20:00,0.0
1809,2020-01-19T20:15,0.0
1810,2020-01-19T20:30,0.0
1811,2020-01-19T20:45,0.0
1812,2020-01-19T21:00,0.0
1813,2020-01-19T21:15,0.0
1814,2020-01-19T21:30,0.0
1815,2020-01-19T21:45,0.0
1816,2020-01-19T22:00,0.0
1817,2020-01-19T22:15,0.0
1818,2020-01-19T22:30,0.0
1819,2020-01-19T22:45,0.0
1820,2020-01-19T23:00,0.0
1821,2020-01-19T23:15,0.0
1822,2020-01-19T23:30,0.0
1823,2020-01-19T23:45,0.0
1824,2020-01-20T00:00,0.0
1825,2020-01-20T00:15,0.0
1826,2020-01-20T00:30,0.0
1827,2020-01-20T00:45,0.0
1828,2020-01-20T01:00,0.0
1829,2020-01-20T01:15,0.0
1830,2020-01-20T01:30,0.0
1831,2020-01-20T01:45,0.0
1832,2020-01-20T02:00,0.0
1833,2020-01-20T02:15,0.0
1834,2020-01-20T02:30,0.0
1835,2020-01-20T02:45,0.0
1836,2020-01-20T03:00,0.0
1837,2020-01-20T03:15,0.0
1838,2020-01-20T03:30,0.0
1839,2020-01-20T03:45,0.0
1840,2020-01-20T04:00,0.0
1841,2020-01-20T04:15,0.0
1842,2020-01-20T04:30,0.0
1843,2020-01-20T04:45,0.0
1844,2020-01-20T05:00,0.0
1845,2020-01-20T05:15,0.0
1846,2020-01-20T05:30,0.0
1847,2020-01-20T05:45,0.0
1848,2020-01-20T06:00,0.0
1849,2020-01-20T06:15,0.0
1850,2020-01-20T06:30,0.0
1851,2020-01-20T06:45,0.0
1852,2020-01-20T07:00,0.0
1853,2020-01-20T07:15,0.287
1854,2020-01-20T07:30,0.287
1855,2020-01-20T07:45,0.287
1856,2020-01-20T08:00,0.287
1857,2020-01-20T08:15,0.664
1858,2020-01-20T08:30,0.664
1859,2020-01-20T08:45,0.664
1860,2020-01-20T09:00,0.664
1861,2020-01-20T09:15,1.234
1862,2020-01-20T09:30,1.234
1863,2020-01-20T09:45,1.234
1864,2020-01-20T10:00,1.234
1865,2020-01-20T10:15,1.538
1866,2020-01-20T10:30,1.538
1867,2020-01-20T10:45,1.538
1868,2020-01-20T11:00,1.538
1869,2020-01-20T11:15,1.528
1870,2020-01-20T11:30,1.528
1871,2020-01-20T11:45,1.528
1872,2020-01-20T12:00,1.528
1873,2020-01-20T12:15,1.186
1874,2020-01-20T12:30,1.186
1875,2020-01-20T12:45,1.186
1876,2020-01-20T13:00,1.186
1877,2020-01-20T13:15,0.595
1878,2020-01-20T13:30,0.595
1879,2020-01-20T13:45,0.595
1880,2020-01-20T14:00,0.595
1881,2020-01-20T14:15,0.03
1882,2020-01-20T14:30,0.03
1883,2020-01-20T14:45,0.03
1884,2020-01-20T15:00,0.03
1885,2020-01-20T15:15,0.0
1886,2020-01-20T15:30,0.0
1887,2020-01-20T15:45,0.0
1888,2020-01-20T16:00,0.0
1889,2020-01-20T16:15,0.0
1890,2020-01-20T16:30,0.0
1891,2020-01-20T16:45,0.0
1892,2020-01-20T17:00,0.0
1893,2020-01-20T17:15,0.0
1894,2020-01-20T17:30,0.0
1895,2020-01-20T17:45,0.0
1896,2020-01-20T18:00,0.0
1897,2020-01-20T18:15,0.0
1898,2020-01-20T18:30,0.0
1899,2020-01-20T18:45,0.0
1900,2020-01-20T19:00,0.0
1901,2020-01-20T19:15,0.0
1902,2020-01-20T19:30,0.0
1903,2020-01-20T19:45,0.0
1904,2020-01-20T20:00,0.0
1905,2020-01-20T20:15,0.0
1906,2020-01-20T20:30,0.0
1907,2020-01-20T20:45,0.0
1908,2020-01-20T21:00,0.0
1909,2020-01-20T21:15,0.0
1910,2020-01-20T21:30,0.0
1911,2020-01-20T21:45,0.0
1912,2020-01-20T22:00,0.0
1913,2020-01-20T22:15,0.0
1914,2020-01-20T22:30,0.0
1915,2020-01-20T22:45,0.0
1916,2020-01-20T23:00,0.0
1917,2020-01-20T23:15,0.0
1918,2020-01-20T23:30,0.0
1919,2020-01-20T23:45,0.0
1920,2020-01-21T00:00,0.0
1921,2020-01-21T00:15,0.0
1922,2020-01-21T00:30,0.0
1923,2020-01-21T00:45,0.0
1924,2020-01-21T01:00,0.0
1925,2020-01-21T01:15,0.0
1926,2020-01-21T01:30,0.0
1927,2020-01-21T01:45,0.0
1928,2020-01-21T02:00,0.0
1929,2020-01-21T02:15,0.0
1930,2020-01-21T02:30,0.0
1931,2020-01-21T02:45,0.0
1932,2020-01-21T03:00,0.0
1933,2020-01-21T03:15,0.0
1934,2020-01-21T03:30,0.0
1935,2020-01-21T03:45,0.0
1936,2020-01-21T04:00,0.0
1937,2020-01-21T04:15,0.0
1938,2020-01-21T04:30,0.0
1939,2020-01-21T04:45,0.0
1940,2020-01-21T05:00,0.0
1941,2020-01-21T05:15,0.0
1942,2020-01-21T05:30,0.0
1943,2020-01-21T05:45,0.0
1944,2020-01-21T06:00,0.0
1945,2020-01-21T06:15,0.0
1946,2020-01-21T06:30,0.0
1947,2020-01-21T06:45,0.0
1948,2020-01-21T07:00,0.0
1949,2020-01-21T07:15,0.504
1950,2020-01-21T07:30,0.504
1951,2020-01-21T07:45,0.504
1952,2020-01-21T08:00,0.504
1953,2020-01-21T08:15,1.5
1954,2020-01-21T08:30,1.5
1955,2020-01-21T08:45,1.5
1956,2020-01-21T09:00,1.5
1957,2020-01-21T09:15,2.586
1958,2020-01-21T09:30,2.586
1959,2020-01-21T09:45,2.586
1960,2020-01-21T10:00,2.586
1961,2020-01-21T10:15,4.503
1962,2020-01-21T10:30,4.503
1963,2020-01-21T10:45,4.503
1964,2020-01-21T11:00,4.503
1965,2020-01-21T11:15,4.583
1966,2020-01-21T11:30,4.583
1967,2020-01-21T11:45,4.583
1968,2020-01-21T12:00,4.583
1969,2020-01-21T12:15,3.963
1970,2020-01-21T12:30,3.963
1971,2020-01-21T12:45,3.963
1972,2020-01-21T13:00,3.963
1973,2020-01-21T13:15,2.635
1974,2020-01-21T13:30,2.635
1975,2020-01-21T13:45,2.635
1976,2020-01-21T14:00,2.635
1977,2020-01-21T14:15,0.722
1978,2020-01-21T14:30,0.722
1979,2020-01-21T14:45,0.722
1980,2020-01-21T15:00,0.722
1981,2020-01-21T15:15,0.0
1982,2020-01-21T15:30,0.0
1983,2020-01-21T15:45,0.0
1984,2020-01-21T16:00,0.0
1985,2020-01-21T16:15,0.0
1986,2020-01-21T16:30,0.0
1987,2020-01-21T16:45,0.0
1988,2020-01-21T17:00,0.0
1989,2020-01-21T17:15,0.0
1990,2020-01-21T17:30,0.0
1991,2020-01-21T17:45,0.0
1992,2020-01-21T18:00,0.0
1993,2020-01-21T18:15,0.0
1994,2020-01-21T18:30,0.0
1995,2020-01-21T18:45,0.0
1996,2020-01-21T19:00,0.0
1997,2020-01-21T19:15,0.0
1998,2020-01-21T19:30,0.0
1999,2020-01-21T19:45,0.0
2000,2020-01-21T20:00,0.0
2001,2020-01-21T20:15,0.0
2002,2020-01-21T20:30,0.0
2003,2020-01-21T20:45,0.0
2004,2020-01-21T21:00,0.0
2005,2020-01-21T21:15,0.0
2006,2020-01-21T21:30,0.0
2007,2020-01-21T21:45,0.0
2008,2020-01-21T22:00,0.0
2009,2020-01-21T22:15,0.0
2010,2020-01-21T22:30,0.0
2011,2020-01-21T22:45,0.0
2012,2020-01-21T23:00,0.0
2013,2020-01-21T23:15,0.0
2014,2020-01-21T23:30,0.0
2015,2020-01-21T23:45,0.0
2016,2020-01-22T00:00,0.0
2017,2020-01-22T00:15,0.0
2018,2020-01-22T00:30,0.0
2019,2020-01-22T00:45,0.0
2020,2020-01-22T01:00,0.0
2021,2020-01-22T01:15,0.0
2022,2020-01-22T01:30,0.0
2023,2020-01-22T01:45,0.0
2024,2020-01-22T02:00,0.0
2025,2020-01-22T02:15,0.0
2026,2020-01-22T02:30,0.0
2027,2020-01-22T02:45,0.0
2028,2020-01-22T03:00,0.0
2029,2020-01-22T03:15,0.0
2030,2020-01-22T03:30,0.0
2031,2020-01-22T03:45,0.0
2032,2020-01-22T04:00,0.0
2033,2020-01-22T04:15,0.0
2034,2020-01-22T04:30,0.0
2035,2020-01-22T04:45,0.0
2036,2020-01-22T05:00,0.0
2037,2020-01-22T05:15,0.0
2038,2020-01-22T05:30,0.0
2039,2020-01-22T05:45,0.0
2040,2020-01-22T06:00,0.0
2041,2020-01-22T06:15,0.0
2042,2020-01-22T06:30,0.0
2043,2020-01-22T06:45,0.0
2044,2020-01-22T07:00,0.0
2045,2020-01-22T07:15,0.0
2046,2020-01-22T07:30,0.0
2047,2020-01-22T07:45,0.0
2048,2020-01-22T08:00,0.0
2049,2020-01-22T08:15,0.197
2050,2020-01-22T08:30,0.197
2051,2020-01-22T08:45,0.197
2052,2020-01-22T09:00,0.197
2053,2020-01-22T09:15,0.234
2054,2020-01-22T09:30,0.234
2055,2020-01-22T09:45,0.234
2056,2020-01-22T10:00,0.234
2057,2020-01-22T10:15,0.381
2058,2020-01-22T10:30,0.381
2059,2020-01-22T10:45,0.381
2060,2020-01-22T11:00,0.381
2061,2020-01-22T11:15,0.538
2062,2020-01-22T11:30,0.538
2063,2020-01-22T11:45,0.538
2064,2020-01-22T12:00,0.538
2065,2020-01-22T12:15,0.446
2066,2020-01-22T12:30,0.446
2067,2020-01-22T12:45,0.446
2068,2020-01-22T13:00,0.446
2069,2020-01-22T13:15,0.305
2070,2020-01-22T13:30,0.305
2071,2020-01-22T13:45,0.305
2072,2020-01-22T14:00,0.305
2073,2020-01-22T14:15,0.0
2074,2020-01-22T14:30,0.0
2075,2020-01-22T14:45,0.0
2076,2020-01-22T15:00,0.0
2077,2020-01-22T15:15,0.0
2078,2020-01-22T15:30,0.0
2079,2020-01-22T15:45,0.0
2080,2020-01-22T16:00,0.0
2081,2020-01-22T16:15,0.0
2082,2020-01-22T16:30,0.0
2083,2020-01-22T16:45,0.0
2084,2020-01-22T17:00,0.0
2085,2020-01-22T17:15,0.0
2086,2020-01-22T17:30,0.0
2087,2020-01-22T17:45,0.0
2088,2020-01-22T18:00,0.0
2089,2020-01-22T18:15,0.0
2090,2020-01-22T18:30,0.0
2091,2020-01-22T18:45,0.0
2092,2020-01-22T19:00,0.0
2093,2020-01-22T19:15,0.0
2094,2020-01-22T19:30,0.0
2095,2020-01-22T19:45,0.0
2096,2020-01-22T20:00,0.0
2097,2020-01-22T20:15,0.0
2098,2020-01-22T20:30,0.0
2099,2020-01-22T20:45,0.0
2100,2020-01-22T21:00,0.0
2101,2020-01-22T21:15,0.0
2102,2020-01-22T21:30,0.0
2103,2020-01-22T21:45,0.0
2104,2020-01-22T22:00,0.0
2105,2020-01-22T22:15,0.0
2106,2020-01-22T22:30,0.0
2107,2020-01-22T22:45,0.0
2108,2020-01-22T23:00,0.0
2109,2020-01-22T23:15,0.0
2110,2020-01-22T23:30,0.0
2111,2020-01-22T23:45,0.0
2112,2020-01-23T00:00,0.0
2113,2020-01-23T00:15,0.0
2114,2020-01-23T00:30,0.0
2115,2020-01-23T00:45,0.0
2116,2020-01-23T01:00,0.0
2117,2020-01-23T01:15,0.0
2118,2020-01-23T01:30,0.0
2119,2020-01-23T01:45,0.0
2120,2020-01-23T02:00,0.0
2121,2020-01-23T02:15,0.0
2122,2020-01-23T02:30,0.0
2123,2020-01-23T02:45,0.0
2124,2020-01-23T03:00,0.0
2125,2020-01-23T03:15,0.0
2126,2020-01-23T03:30,0.0
2127,2020-01-23T03:45,0.0
2128,2020-01-23T04:00,0.0
2129,2020-01-23T04:15,0.0
2130,2020-01-23T04:30,0.0
2131,2020-01-23T04:45,0.0
2132,2020-01-23T05:00,0.0
2133,2020-01-23T05:15,0.0
2134,2020-01-23T05:30,0.0
2135,2020-01-23T05:45,0.0
2136,2020-01-23T06:00,0.0
2137,2020-01-23T06:15,0.0
2138,2020-01-23T06:30,0.0
2139,2020-01-23T06:45,0.0
2140,2020-01-23T07:00,0.0
2141,2020-01-23T07:15,0.221
2142,2020-01-23T07:30,0.221
2143,2020-01-23T07:45,0.221
2144,2020-01-23T08:00,0.221
2145,2020-01-23T08:15,0.386
2146,2020-01-23T08:30,0.386
2147,2020-01-23T08:45,0.386
2148,2020-01-23T09:00,0.386
2149,2020-01-23T09:15,0.665
2150,2020-01-23T09:30,0.665
2151,2020-01-23T09:45,0.665
2152,2020-01-23T10:00,0.665
2153,2020-01-23T10:15,0.779
2154,2020-01-23T10:30,0.779
2155,2020-01-23T10:45,0.779
2156,2020-01-23T11:00,0.779
2157,2020-01-23T11:15,1.174
2158,2020-01-23T11:30,1.174
2159,2020-01-23T11:45,1.174
2160,2020-01-23T12:00,1.174
2161,2020-01-23T12:15,0.952
2162,2020-01-23T12:30,0.952
2163,2020-01-23T12:45,0.952
2164,2020-01-23T13:00,0.952
2165,2020-01-23T13:15,0.547
2166,2020-01-23T13:30,0.547
2167,2020-01-23T13:45,0.547
2168,2020-01-23T14:00,0.547
2169,2020-01-23T14:15,0.114
2170,2020-01-23T14:30,0.114
2171,2020-01-23T14:45,0.114
2172,2020-01-23T15:00,0.114
2173,2020-01-23T15:15,0.0
2174,2020-01-23T15:30,0.0
2175,2020-01-23T15:45,0.0
2176,2020-01-23T16:00,0.0
2177,2020-01-23T16:15,0.0
2178,2020-01-23T16:30,0.0
2179,2020-01-23T16:45,0.0
2180,2020-01-23T17:00,0.0
2181,2020-01-23T17:15,0.0
2182,2020-01-23T17:30,0.0
2183,2020-01-23T17:45,0.0
2184,2020-01-23T18:00,0.0
2185,2020-01-23T18:15,0.0
2186,2020-01-23T18:30,0.0
2187,2020-01-23T18:45,0.0
2188,2020-01-23T19:00,0.0
2189,2020-01-23T19:15,0.0
2190,2020-01-23T19:30,0.0
2191,2020-01-23T19:45,0.0
2192,2020-01-23T20:00,0.0
2193,2020-01-23T20:15,0.0
2194,2020-01-23T20:30,0.0
2195,2020-01-23T20:45,0.0
2196,2020-01-23T21:00,0.0
2197,2020-01-23T21:15,0.0
2198,2020-01-23T21:30,0.0
2199,2020-01-23T21:45,0.0
2200,2020-01-23T22:00,0.0
2201,2020-01-23T22:15,0.0
2202,2020-01-23T22:30,0.0
2203,2020-01-23T22:45,0.0
2204,2020-01-23T23:00,0.0
2205,2020-01-23T23:15,0.0
2206,2020-01-23T23:30,0.0
2207,2020-01-23T23:45,0.0
2208,2020-01-24T00:00,0.0
2209,2020-01-24T00:15,0.0
2210,2020-01-24T00:30,0.0
2211,2020-01-24T00:45,0.0
2212,2020-01-24T01:00,0.0
2213,2020-01-24T01:15,0.0
2214,2020-01-24T01:30,0.0
2215,2020-01-24T01:45,0.0
2216,2020-01-24T02:00,0.0
2217,2020-01-24T02:15,0.0
2218,2020-01-24T02:30,0.0
2219,2020-01-24T02:45,0.0
2220,2020-01-24T03:00,0.0
2221,2020-01-24T03:15,0.0
2222,2020-01-24T03:30,0.0
2223,2020-01-24T03:45,0.0
2224,2020-01-24T04:00,0.0
2225,2020-01-24T04:15,0.0
2226,2020-01-24T04:30,0.0
2227,2020-01-24T04:45,0.0
2228,2020-01-24T05:00,0.0
2229,2020-01-24T05:15,0.0
2230,2020-01-24T05:30,0.0
2231,2020-01-24T05:45,0.0
2232,2020-01-24T06:00,0.0
2233,2020-01-24T06:15,0.0
2234,2020-01-24T06:30,0.0
2235,2020-01-24T06:45,0.0
2236,2020-01-24T07:00,0.0
2237,2020-01-24T07:15,0.55
2238,2020-01-24T07:30,0.55
2239,2020-01-24T07:45,0.55
2240,2020-01-24T08:00,0.55
2241,2020-01-24T08:15,1.267
2242,2020-01-24T08:30,1.267
2243,2020-01-24T08:45,1.267
2244,2020-01-24T09:00,1.267
2245,2020-01-24T09:15,3.018
2246,2020-01-24T09:30,3.018
2247,2020-01-24T09:45,3.018
2248,2020-01-24T10:00,3.018
2249,2020-01-24T10:15,4.431
2250,2020-01-24T10:30,4.431
2251,2020-01-24T10:45,4.431
2252,2020-01-24T11:00,4.431
2253,2020-01-24T11:15,4.658
2254,2020-01-24T11:30,4.658
2255,2020-01-24T11:45,4.658
2256,2020-01-24T12:00,4.658
2257,2020-01-24T12:15,3.83
2258,2020-01-24T12:30,3.83
2259,2020-01-24T12:45,3.83
2260,2020-01-24T13:00,3.83
2261,2020-01-24T13:15,2.601
2262,2020-01-24T13:30,2.601
2263,2020-01-24T13:45,2.601
2264,2020-01-24T14:00,2.601
2265,2020-01-24T14:15,0.889
2266,2020-01-24T14:30,0.889
2267,2020-01-24T14:45,0.889
2268,2020-01-24T15:00,0.889
2269,2020-01-24T15:15,0.0
2270,2020-01-24T15:30,0.0
2271,2020-01-24T15:45,0.0
2272,2020-01-24T16:00,0.0
2273,2020-01-24T16:15,0.0
2274,2020-01-24T16:30,0.0
2275,2020-01-24T16:45,0.0
2276,2020-01-24T17:00,0.0
2277,2020-01-24T17:15,0.0
2278,2020-01-24T17:30,0.0
2279,2020-01-24T17:45,0.0
2280,2020-01-24T18:00,0.0
2281,2020-01-24T18:15,0.0
2282,2020-01-24T18:30,0.0
2283,2020-01-24T18:45,0.0
2284,2020-01-24T19:00,0.0
2285,2020-01-24T19:15,0.0
2286,2020-01-24T19:30,0.0
2287,2020-01-24T19:45,0.0
2288,2020-01-24T20:00,0.0
2289,2020-01-24T20:15,0.0
2290,2020-01-24T20:30,0.0
2291,2020-01-24T20:45,0.0
2292,2020-01-24T21:00,0.0
2293,2020-01-24T21:15,0.0
2294,2020-01-24T21:30,0.0
2295,2020-01-24T21:45,0.0
2296,2020-01-24T22:00,0.0
2297,2020-01-24T22:15,0.0
2298,2020-01-24T22:30,0.0
2299,2020-01-24T22:45,0.0
2300,2020-01-24T23:00,0.0
2301,2020-01-24T23:15,0.0
2302,2020-01-24T23:30,0.0
2303,2020-01-24T23:45,0.0
2304,2020-01-25T00:00,0.0
2305,2020-01-25T00:15,0.0
2306,2020-01-25T00:30,0.0
2307,2020-01-25T00:45,0.0
2308,2020-01-25T01:00,0.0
2309,2020-01-25T01:15,0.0
2310,2020-01-25T01:30,0.0
2311,2020-01-25T01:45,0.0
2312,2020-01-25T02:00,0.0
2313,2020-01-25T02:15,0.0
2314,2020-01-25T02:30,0.0
2315,2020-01-25T02:45,0.0
2316,2020-01-25T03:00,0.0
2317,2020-01-25T03:15,0.0
2318,2020-01-25T03:30,0.0
2319,2020-01-25T03:45,0.0
2320,2020-01-25T04:00,0.0
2321,2020-01-25T04:15,0.0
2322,2020-01-25T04:30,0.0
2323,2020-01-25T04:45,0.0
2324,2020-01-25T05:00,0.0
2325,2020-01-25T05:15,0.0
2326,2020-01-25T05:30,0.0
2327,2020-01-25T05:45,0.0
2328,2020-01-25T06:00,0.0
2329,2020-01-25T06:15,0.0
2330,2020-01-25T06:30,0.0
2331,2020-01-25T06:45,0.0
2332,2020-01-25T07:00,0.0
2333,2020-01-25T07:15,0.279
2334,2020-01-25T07:30,0.279
2335,2020-01-25T07:45,0.279
2336,2020-01-25T08:00,0.279
2337,2020-01-25T08:15,0.439
2338,2020-01-25T08:30,0.439
2339,2020-01-25T08:45,0.439
2340,2020-01-25T09:00,0.439
2341,2020-01-25T09:15,0.638
2342,2020-01-25T09:30,0.638
2343,2020-01-25T09:45,0.638
2344,2020-01-25T10:00,0.638
2345,2020-01-25T10:15,0.804
2346,2020-01-25T10:30,0.804
2347,2020-01-25T10:45,0.804
2348,2020-01-25T11:00,0.804
2349,2020-01-25T11:15,0.855
2350,2020-01-25T11:30,0.855
2351,2020-01-25T11:45,0.855
2352,2020-01-25T12:00,0.855
2353,2020-01-25T12:15,0.787
2354,2020-01-25T12:30,0.787
2355,2020-01-25T12:45,0.787
2356,2020-01-25T13:00,0.787
2357,2020-01-25T13:15,0.551
2358,2020-01-25T13:30,0.551
2359,2020-01-25T13:45,0.551
2360,2020-01-25T14:00,0.551
2361,2020-01-25T14:15,0.164
2362,2020-01-25T14:30,0.164
2363,2020-01-25T14:45,0.164
2364,2020-01-25T15:00,0.164
2365,2020-01-25T15:15,0.0
2366,2020-01-25T15:30,0.0
2367,2020-01-25T15:45,0.0
2368,2020-01-25T16:00,0.0
2369,2020-01-25T16:15,0.0
2370,2020-01-25T16:30,0.0
2371,2020-01-25T16:45,0.0
2372,2020-01-25T17:00,0.0
2373,2020-01-25T17:15,0.0
2374,2020-01-25T17:30,0.0
2375,2020-01-25T17:45,0.0
2376,2020-01-25T18:00,0.0
2377,2020-01-25T18:15,0.0
2378,2020-01-25T18:30,0.0
2379,2020-01-25T18:45,0.0
2380,2020-01-25T19:00,0.0
2381,2020-01-25T19:15,0.0
2382,2020-01-25T19:30,0.0
2383,2020-01-25T19:45,0.0
2384,2020-01-25T20:00,0.0
2385,2020-01-25T20:15,0.0
2386,2020-01-25T20:30,0.0
2387,2020-01-25T20:45,0.0
2388,2020-01-25T21:00,0.0
2389,2020-01-25T21:15,0.0
2390,2020-01-25T21:30,0.0
2391,2020-01-25T21:45,0.0
2392,2020-01-25T22:00,0.0
2393,2020-01-25T22:15,0.0
2394,2020-01-25T22:30,0.0
2395,2020-01-25T22:45,0.0
2396,2020-01-25T23:00,0.0
2397,2020-01-25T23:15,0.0
2398,2020-01-25T23:30,0.0
2399,2020-01-25T23:45,0.0
2400,2020-01-26T00:00,0.0
2401,2020-01-26T00:15,0.0
2402,2020-01-26T00:30,0.0
2403,2020-01-26T00:45,0.0
2404,2020-01-26T01:00,0.0
2405,2020-01-26T01:15,0.0
2406,2020-01-26T01:30,0.0
2407,2020-01-26T01:45,0.0
2408,2020-01-26T02:00,0.0
2409,2020-01-26T02:15,0.0
2410,2020-01-26T02:30,0.0
2411,2020-01-26T02:45,0.0
2412,2020-01-26T03:00,0.0
2413,2020-01-26T03:15,0.0
2414,2020-01-26T03:30,0.0
2415,2020-01-26T03:45,0.0
2416,2020-01-26T04:00,0.0
2417,2020-01-26T04:15,0.0
2418,2020-01-26T04:30,0.0
2419,2020-01-26T04:45,0.0
2420,2020-01-26T05:00,0.0
2421,2020-01-26T05:15,0.0
2422,2020-01-26T05:30,0.0
2423,2020-01-26T05:45,0.0
2424,2020-01-26T06:00,0.0
2425,2020-01-26T06:15,0.0
2426,2020-01-26T06:30,0.0
2427,2020-01-26T06:45,0.0
2428,2020-01-26T07:00,0.0
2429,2020-01-26T07:15,0.355
2430,2020-01-26T07:30,0.355
2431,2020-01-26T07:45,0.355
2432,2020-01-26T08:00,0.355
2433,2020-01-26T08:15,0.727
2434,2020-01-26T08:30,0.727
2435,2020-01-26T08:45,0.727
2436,2020-01-26T09:00,0.727
2437,2020-01-26T09:15,1.073
2438,2020-01-26T09:30,1.073
2439,2020-01-26T09:45,1.073
2440,2020-01-26T10:00,1.073
2441,2020-01-26T10:15,1.147
2442,2020-01-26T10:30,1.147
2443,2020-01-26T10:45,1.147
2444,2020-01-26T11:00,1.147
2445,2020-01-26T11:15,1.031
2446,2020-01-26T11:30,1.031
2447,2020-01-26T11:45,1.031
2448,2020-01-26T12:00,1.031
2449,2020-01-26T12:15,0.756
2450,2020-01-26T12:30,0.756
2451,2020-01-26T12:45,0.756
2452,2020-01-26T13:00,0.756
2453,2020-01-26T13:15,0.365
2454,2020-01-26T13:30,0.365
2455,2020-01-26T13:45,0.365
2456,2020-01-26T14:00,0.365
2457,2020-01-26T14:15,0.004
2458,2020-01-26T14:30,0.004
2459,2020-01-26T14:45,0.004
2460,2020-01-26T15:00,0.004
2461,2020-01-26T15:15,0.0
2462,2020-01-26T15:30,0.0
2463,2020-01-26T15:45,0.0
2464,2020-01-26T16:00,0.0
2465,2020-01-26T16:15,0.0
2466,2020-01-26T16:30,0.0
2467,2020-01-26T16:45,0.0
2468,2020-01-26T17:00,0.0
2469,2020-01-26T17:15,0.0
2470,2020-01-26T17:30,0.0
2471,2020-01-26T17:45,0.0
2472,2020-01-26T18:00,0.0
2473,2020-01-26T18:15,0.0
2474,2020-01-26T18:30,0.0
2475,2020-01-26T18:45,0.0
2476,2020-01-26T19:00,0.0
2477,2020-01-26T19:15,0.0
2478,2020-01-26T19:30,0.0
2479,2020-01-26T19:45,0.0
2480,2020-01-26T20:00,0.0
2481,2020-01-26T20:15,0.0
2482,2020-01-26T20:30,0.0
2483,2020-01-26T20:45,0.0
2484,2020-01-26T21:00,0.0
2485,2020-01-26T21:15,0.0
2486,2020-01-26T21:30,0.0
2487,2020-01-26T21:45,0.0
2488,2020-01-26T22:00,0.0
2489,2020-01-26T22:15,0.0
2490,2020-01-26T22:30,0.0
2491,2020-01-26T22:45,0.0
2492,2020-01-26T23:00,0.0
2493,2020-01-26T23:15,0.0
2494,2020-01-26T23:30,0.0
2495,2020-01-26T23:45,0.0
2496,2020-01-27T00:00,0.0
2497,2020-01-27T00:15,0.0
2498,2020-01-27T00:30,0.0
2499,2020-01-27T00:45,0.0
2500,2020-01-27T01:00,0.0
2501,2020-01-27T01:15,0.0
2502,2020-01-27T01:30,0.0
2503,2020-01-27T01:45,0.0
2504,2020-01-27T02:00,0.0
2505,2020-01-27T02:15,0.0
2506,2020-01-27T02:30,0.0
2507,2020-01-27T02:45,0.0
2508,2020-01-27T03:00,0.0
2509,2020-01-27T03:15,0.0
2510,2020-01-27T03:30,0.0
2511,2020-01-27T03:45,0.0
2512,2020-01-27T04:00,0.0
2513,2020-01-27T04:15,0.0
2514,2020-01-27T04:30,0.0
2515,2020-01-27T04:45,0.0
2516,2020-01-27T05:00,0.0
2517,2020-01-27T05:15,0.0
2518,2020-01-27T05:30,0.0
2519,2020-01-27T05:45,0.0
2520,2020-01-27T06:00,0.0
2521,2020-01-27T06:15,0.0
2522,2020-01-27T06:30,0.0
2523,2020-01-27T06:45,0.0
2524,2020-01-27T07:00,0.0
2525,2020-01-27T07:15,0.218
2526,2020-01-27T07:30,0.218
2527,2020-01-27T07:45,0.218
2528,2020-01-27T08:00,0.218
2529,2020-01-27T08:15,0.391
2530,2020-01-27T08:30,0.391
2531,2020-01-27T08:45,0.391
2532,2020-01-27T09:00,0.391
2533,2020-01-27T09:15,0.867
2534,2020-01-27T09:30,0.867
2535,2020-01-27T09:45,0.867
2536,2020-01-27T10:00,0.867
2537,2020-01-27T10:15,1.216
2538,2020-01-27T10:30,1.216
2539,2020-01-27T10:45,1.216
2540,2020-01-27T11:00,1.216
2541,2020-01-27T11:15,1.504
2542,2020-01-27T11:30,1.504
2543,2020-01-27T11:45,1.504
2544,2020-01-27T12:00,1.504
2545,2020-01-27T12:15,1.647
2546,2020-01-27T12:30,1.647
2547,2020-01-27T12:45,1.647
2548,2020-01-27T13:00,1.647
2549,2020-01-27T13:15,1.153
2550,2020-01-27T13:30,1.153
2551,2020-01-27T13:45,1.153
2552,2020-01-27T14:00,1.153
2553,2020-01-27T14:15,0.296
2554,2020-01-27T14:30,0.296
2555,2020-01-27T14:45,0.296
2556,2020-01-27T15:00,0.296
2557,2020-01-27T15:15,0.0
2558,2020-01-27T15:30,0.0
2559,2020-01-27T15:45,0.0
2560,2020-01-27T16:00,0.0
2561,2020-01-27T16:15,0.0
2562,2020-01-27T16:30,0.0
2563,2020-01-27T16:45,0.0
2564,2020-01-27T17:00,0.0
2565,2020-01-27T17:15,0.0
2566,2020-01-27T17:30,0.0
2567,2020-01-27T17:45,0.0
2568,2020-01-27T18:00,0.0
2569,2020-01-27T18:15,0.0
2570,2020-01-27T18:30,0.0
2571,2020-01-27T18:45,0.0
2572,2020-01-27T19:00,0.0
2573,2020-01-27T19:15,0.0
2574,2020-01-27T19:30,0.0
2575,2020-01-27T19:45,0.0
2576,2020-01-27T20:00,0.0
2577,2020-01-27T20:15,0.0
2578,2020-01-27T20:30,0.0
2579,2020-01-27T20:45,0.0
2580,2020-01-27T21:00,0.0
2581,2020-01-27T21:15,0.0
2582,2020-01-27T21:30,0.0
2583,2020-01-27T21:45,0.0
2584,2020-01-27T22:00,0.0
2585,2020-01-27T22:15,0.0
2586,2020-01-27T22:30,0.0
2587,2020-01-27T22:45,0.0
2588,2020-01-27T23:00,0.0
2589,2020-01-27T23:15,0.0
2590,2020-01-27T23:30,0.0
2591,2020-01-27T23:45,0.0
2592,2020-01-28T00:00,0.0
2593,2020-01-28T00:15,0.0
2594,2020-01-28T00:30,0.0
2595,2020-01-28T00:45,0.0
2596,2020-01-28T01:00,0.0
2597,2020-01-28T01:15,0.0
2598,2020-01-28T01:30,0.0
2599,2020-01-28T01:45,0.0
2600,2020-01-28T02:00,0.0
2601,2020-01-28T02:15,0.0
2602,2020-01-28T02:30,0.0
2603,2020-01-28T02:45,0.0
2604,2020-01-28T03:00,0.0
2605,2020-01-28T03:15,0.0
2606,2020-01-28T03:30,0.0
2607,2020-01-28T03:45,0.0
2608,2020-01-28T04:00,0.0
2609,2020-01-28T04:15,0.0
2610,2020-01-28T04:30,0.0
2611,2020-01-28T04:45,0.0
2612,2020-01-28T05:00,0.0
2613,2020-01-28T05:15,0.0
2614,2020-01-28T05:30,0.0
2615,2020-01-28T05:45,0.0
2616,2020-01-28T06:00,0.0
2617,2020-01-28T06:15,0.0
2618,2020-01-28T06:30,0.0
2619,2020-01-28T06:45,0.0
2620,2020-01-28T07:00,0.0
2621,2020-01-28T07:15,0.312
2622,2020-01-28T07:30,0.312
2623,2020-01-28T07:45,0.312
2624,2020-01-28T08:00,0.312
2625,2020-01-28T08:15,0.913
2626,2020-01-28T08:30,0.913
2627,2020-01-28T08:45,0.913
2628,2020-01-28T09:00,0.913
2629,2020-01-28T09:15,3.079
2630,2020-01-28T09:30,3.079
2631,2020-01-28T09:45,3.079
2632,2020-01-28T10:00,3.079
2633,2020-01-28T10:15,4.161
2634,2020-01-28T10:30,4.161
2635,2020-01-28T10:45,4.161
2636,2020-01-28T11:00,4.161
2637,2020-01-28T11:15,4.174
2638,2020-01-28T11:30,4.174
2639,2020-01-28T11:45,4.174
2640,2020-01-28T12:00,4.174
2641,2020-01-28T12:15,2.809
2642,2020-01-28T12:30,2.809
2643,2020-01-28T12:45,2.809
2644,2020-01-28T13:00,2.809
2645,2020-01-28T13:15,0.544
2646,2020-01-28T13:30,0.544
2647,2020-01-28T13:45,0.544
2648,2020-01-28T14:00,0.544
2649,2020-01-28T14:15,0.0
2650,2020-01-28T14:30,0.0
2651,2020-01-28T14:45,0.0
2652,2020-01-28T15:00,0.0
2653,2020-01-28T15:15,0.0
2654,2020-01-28T15:30,0.0
2655,2020-01-28T15:45,0.0
2656,2020-01-28T16:00,0.0
2657,2020-01-28T16:15,0.0
2658,2020-01-28T16:30,0.0
2659,2020-01-28T16:45,0.0
2660,2020-01-28T17:00,0.0
2661,2020-01-28T17:15,0.0
2662,2020-01-28T17:30,0.0
2663,2020-01-28T17:45,0.0
2664,2020-01-28T18:00,0.0
2665,2020-01-28T18:15,0.0
2666,2020-01-28T18:30,0.0
2667,2020-01-28T18:45,0.0
2668,2020-01-28T19:00,0.0
2669,2020-01-28T19:15,0.0
2670,2020-01-28T19:30,0.0
2671,2020-01-28T19:45,0.0
2672,2020-01-28T20:00,0.0
2673,2020-01-28T20:15,0.0
2674,2020-01-28T20:30,0.0
2675,2020-01-28T20:45,0.0
2676,2020-01-28T21:00,0.0
2677,2020-01-28T21:15,0.0
2678,2020-01-28T21:30,0.0
2679,2020-01-28T21:45,0.0
2680,2020-01-28T22:00,0.0
2681,2020-01-28T22:15,0.0
2682,2020-01-28T22:30,0.0
2683,2020-01-28T22:45,0.0
2684,2020-01-28T23:00,0.0
2685,2020-01-28T23:15,0.0
2686,2020-01-28T23:30,0.0
2687,2020-01-28T23:45,0.0
2688,2020-01-29T00:00,0.0
2689,2020-01-29T00:15,0.0
2690,2020-01-29T00:30,0.0
2691,2020-01-29T00:45,0.0
2692,2020-01-29T01:00,0.0
2693,2020-01-29T01:15,0.0
2694,2020-01-29T01:30,0.0
2695,2020-01-29T01:45,0.0
2696,2020-01-29T02:00,0.0
2697,2020-01-29T02:15,0.0
2698,2020-01-29T02:30,0.0
2699,2020-01-29T02:45,0.0
2700,2020-01-29T03:00,0.0
2701,2020-01-29T03:15,0.0
2702,2020-01-29T03:30,0.0
2703,2020-01-29T03:45,0.0
2704,2020-01-29T04:00,0.0
2705,2020-01-29T04:15,0.0
2706,2020-01-29T04:30,0.0
2707,2020-01-29T04:45,0.0
2708,2020-01-29T05:00,0.0
2709,2020-01-29T05:15,0.0
2710,2020-01-29T05:30,0.0
2711,2020-01-29T05:45,0.0
2712,2020-01-29T06:00,0.0
2713,2020-01-29T06:15,0.0
2714,2020-01-29T06:30,0.0
2715,2020-01-29T06:45,0.0
2716,2020-01-29T07:00,0.0
2717,2020-01-29T07:15,0.304
2718,2020-01-29T07:30,0.304
2719,2020-01-29T07:45,0.304
2720,2020-01-29T08:00,0.304
2721,2020-01-29T08:15,0.538
2722,2020-01-29T08:30,0.538
2723,2020-01-29T08:45,0.538
2724,2020-01-29T09:00,0.538
2725,2020-01-29T09:15,0.824
2726,2020-01-29T09:30,0.824
2727,2020-01-29T09:45,0.824
2728,2020-01-29T10:00,0.824
2729,2020-01-29T10:15,0.901
2730,2020-01-29T10:30,0.901
2731,2020-01-29T10:45,0.901
2732,2020-01-29T11:00,0.901
2733,2020-01-29T11:15,0.73
2734,2020-01-29T11:30,0.73
2735,2020-01-29T11:45,0.73
2736,2020-01-29T12:00,0.73
2737,2020-01-29T12:15,0.739
2738,2020-01-29T12:30,0.739
2739,2020-01-29T12:45,0.739
2740,2020-01-29T13:00,0.739
2741,2020-01-29T13:15,0.688
2742,2020-01-29T13:30,0.688
2743,2020-01-29T13:45,0.688
2744,2020-01-29T14:00,0.688
2745,2020-01-29T14:15,0.295
2746,2020-01-29T14:30,0.295
2747,2020-01-29T14:45,0.295
2748,2020-01-29T15:00,0.295
2749,2020-01-29T15:15,0.0
2750,2020-01-29T15:30,0.0
2751,2020-01-29T15:45,0.0
2752,2020-01-29T16:00,0.0
2753,2020-01-29T16:15,0.0
2754,2020-01-29T16:30,0.0
2755,2020-01-29T16:45,0.0
2756,2020-01-29T17:00,0.0
2757,2020-01-29T17:15,0.0
2758,2020-01-29T17:30,0.0
2759,2020-01-29T17:45,0.0
2760,2020-01-29T18:00,0.0
2761,2020-01-29T18:15,0.0
2762,2020-01-29T18:30,0.0
2763,2020-01-29T18:45,0.0
2764,2020-01-29T19:00,0.0
2765,2020-01-29T19:15,0.0
2766,2020-01-29T19:30,0.0
2767,2020-01-29T19:45,0.0
2768,2020-01-29T20:00,0.0
2769,2020-01-29T20:15,0.0
2770,2020-01-29T20:30,0.0
2771,2020-01-29T20:45,0.0
2772,2020-01-29T21:00,0.0
2773,2020-01-29T21:15,0.0
2774,2020-01-29T21:30,0.0
2775,2020-01-29T21:45,0.0
2776,2020-01-29T22:00,0.0
2777,2020-01-29T22:15,0.0
2778,2020-01-29T22:30,0.0
2779,2020-01-29T22:45,0.0
2780,2020-01-29T23:00,0.0
2781,2020-01-29T23:15,0.0
2782,2020-01-29T23:30,0.0
2783,2020-01-29T23:45,0.0
2784,2020-01-30T00:00,0.0
2785,2020-01-30T00:15,0.0
2786,2020-01-30T00:30,0.0
2787,2020-01-30T00:45,0.0
2788,2020-01-30T01:00,0.0
2789,2020-01-30T01:15,0.0
2790,2020-01-30T01:30,0.0
2791,2020-01-30T01:45,0.0
2792,2020-01-30T02:00,0.0
2793,2020-01-30T02:15,0.0
2794,2020-01-30T02:30,0.0
2795,2020-01-30T02:45,0.0
2796,2020-01-30T03:00,0.0
2797,2020-01-30T03:15,0.0
2798,2020-01-30T03:30,0.0
2799,2020-01-30T03:45,0.0
2800,2020-01-30T04:00,0.0
2801,2020-01-30T04:15,0.0
2802,2020-01-30T04:30,0.0
2803,2020-01-30T04:45,0.0
2804,2020-01-30T05:00,0.0
2805,2020-01-30T05:15,0.0
2806,2020-01-30T05:30,0.0
2807,2020-01-30T05:45,0.0
2808,2020-01-30T06:00,0.0
2809,2020-01-30T06:15,0.0
2810,2020-01-30T06:30,0.0
2811,2020-01-30T06:45,0.0
2812,2020-01-30T07:00,0.0
2813,2020-01-30T07:15,0.19
2814,2020-01-30T07:30,0.19
2815,2020-01-30T07:45,0.19
2816,2020-01-30T08:00,0.19
2817,2020-01-30T08:15,0.252
2818,2020-01-30T08:30,0.252
2819,2020-01-30T08:45,0.252
2820,2020-01-30T09:00,0.252
2821,2020-01-30T09:15,0.343
2822,2020-01-30T09:30,0.343
2823,2020-01-30T09:45,0.343
2824,2020-01-30T10:00,0.343
2825,2020-01-30T10:15,0.492
2826,2020-01-30T10:30,0.492
2827,2020-01-30T10:45,0.492
2828,2020-01-30T11:00,0.492
2829,2020-01-30T11:15,0.496
2830,2020-01-30T11:30,0.496
2831,2020-01-30T11:45,0.496
2832,2020-01-30T12:00,0.496
2833,2020-01-30T12:15,0.35
2834,2020-01-30T12:30,0.35
2835,2020-01-30T12:45,0.35
2836,2020-01-30T13:00,0.35
2837,2020-01-30T13:15,0.059
2838,2020-01-30T13:30,0.059
2839,2020-01-30T13:45,0.059
2840,2020-01-30T14:00,0.059
2841,2020-01-30T14:15,0.0
2842,2020-01-30T14:30,0.0
2843,2020-01-30T14:45,0.0
2844,2020-01-30T15:00,0.0
2845,2020-01-30T15:15,0.0
2846,2020-01-30T15:30,0.0
2847,2020-01-30T15:45,0.0
2848,2020-01-30T16:00,0.0
2849,2020-01-30T16:15,0.0
2850,2020-01-30T16:30,0.0
2851,2020-01-30T16:45,0.0
2852,2020-01-30T17:00,0.0
2853,2020-01-30T17:15,0.0
2854,2020-01-30T17:30,0.0
2855,2020-01-30T17:45,0.0
2856,2020-01-30T18:00,0.0
2857,2020-01-30T18:15,0.0
2858,2020-01-30T18:30,0.0
2859,2020-01-30T18:45,0.0
2860,2020-01-30T19:00,0.0
2861,2020-01-30T19:15,0.0
2862,2020-01-30T19:30,0.0
2863,2020-01-30T19:45,0.0
2864,2020-01-30T20:00,0.0
2865,2020-01-30T20:15,0.0
2866,2020-01-30T20:30,0.0
2867,2020-01-30T20:45,0.0
2868,2020-01-30T21:00,0.0
2869,2020-01-30T21:15,0.0
2870,2020-01-30T21:30,0.0
2871,2020-01-30T21:45,0.0
2872,2020-01-30T22:00,0.0
2873,2020-01-30T22:15,0.0
2874,2020-01-30T22:30,0.0
2875,2020-01-30T22:45,0.0
2876,2020-01-30T23:00,0.0
2877,2020-01-30T23:15,0.0
2878,2020-01-30T23:30,0.0
2879,2020-01-30T23:45,0.0
2880,2020-01-31T00:00,0.0
2881,2020-01-31T00:15,0.0
2882,2020-01-31T00:30,0.0
2883,2020-01-31T00:45,0.0
2884,2020-01-31T01:00,0.0
2885,2020-01-31T01:15,0.0
2886,2020-01-31T01:30,0.0
2887,2020-01-31T01:45,0.0
2888,2020-01-31T02:00,0.0
2889,2020-01-31T02:15,0.0
2890,2020-01-31T02:30,0.0
2891,2020-01-31T02:45,0.0
2892,2020-01-31T03:00,0.0
2893,2020-01-31T03:15,0.0
2894,2020-01-31T03:30,0.0
2895,2020-01-31T03:45,0.0
2896,2020-01-31T04:00,0.0
2897,2020-01-31T04:15,0.0
2898,2020-01-31T04:30,0.0
2899,2020-01-31T04:45,0.0
2900,2020-01-31T05:00,0.0
2901,2020-01-31T05:15,0.0
2902,2020-01-31T05:30,0.0
2903,2020-01-31T05:45,0.0
2904,2020-01-31T06:00,0.0
2905,2020-01-31T06:15,0.0
2906,2020-01-31T06:30,0.0
2907,2020-01-31T06:45,0.0
2908,2020-01-31T07:00,0.0
2909,2020-01-31T07:15,0.713
2910,2020-01-31T07:30,0.713
2911,2020-01-31T07:45,0.713
2912,2020-01-31T08:00,0.713
2913,2020-01-31T08:15,1.933
2914,2020-01-31T08:30,1.933
2915,2020-01-31T08:45,1.933
2916,2020-01-31T09:00,1.933
2917,2020-01-31T09:15,2.337
2918,2020-01-31T09:30,2.337
2919,2020-01-31T09:45,2.337
2920,2020-01-31T10:00,2.337
2921,2020-01-31T10:15,2.306
2922,2020-01-31T10:30,2.306
2923,2020-01-31T10:45,2.306
2924,2020-01-31T11:00,2.306
2925,2020-01-31T11:15,1.374
2926,2020-01-31T11:30,1.374
2927,2020-01-31T11:45,1.374
2928,2020-01-31T12:00,1.374
2929,2020-01-31T12:15,0.909
2930,2020-01-31T12:30,0.909
2931,2020-01-31T12:45,0.909
2932,2020-01-31T13:00,0.909
2933,2020-01-31T13:15,0.488
2934,2020-01-31T13:30,0.488
2935,2020-01-31T13:45,0.488
2936,2020-01-31T14:00,0.488
2937,2020-01-31T14:15,0.0
2938,2020-01-31T14:30,0.0
2939,2020-01-31T14:45,0.0
2940,2020-01-31T15:00,0.0
2941,2020-01-31T15:15,0.0
2942,2020-01-31T15:30,0.0
2943,2020-01-31T15:45,0.0
2944,2020-01-31T16:00,0.0
2945,2020-01-31T16:15,0.0
2946,2020-01-31T16:30,0.0
2947,2020-01-31T16:45,0.0
2948,2020-01-31T17:00,0.0
2949,2020-01-31T17:15,0.0
2950,2020-01-31T17:30,0.0
2951,2020-01-31T17:45,0.0
2952,2020-01-31T18:00,0.0
2953,2020-01-31T18:15,0.0
2954,2020-01-31T18:30,0.0
2955,2020-01-31T18:45,0.0
2956,2020-01-31T19:00,0.0
2957,2020-01-31T19:15,0.0
2958,2020-01-31T19:30,0.0
2959,2020-01-31T19:45,0.0
2960,2020-01-31T20:00,0.0
2961,2020-01-31T20:15,0.0
2962,2020-01-31T20:30,0.0
2963,2020-01-31T20:45,0.0
2964,2020-01-31T21:00,0.0
2965,2020-01-31T21:15,0.0
2966,2020-01-31T21:30,0.0
2967,2020-01-31T21:45,0.0
2968,2020-01-31T22:00,0.0
2969,2020-01-31T22:15,0.0
2970,2020-01-31T22:30,0.0
2971,2020-01-31T22:45,0.0
2972,2020-01-31T23:00,0.0
2973,2020-01-31T23:15,0.0
2974,2020-01-31T23:30,0.0
2975,2020-01-31T23:45,0.0
