interval,kWh
2020-01-01T00:00,0.0
2020-01-01T00:15,0.0
2020-01-01T00:30,0.0
2020-01-01T00:45,0.0
2020-01-01T01:00,0.0
2020-01-01T01:15,0.0
2020-01-01T01:30,0.0
2020-01-01T01:45,0.0
2020-01-01T02:00,0.0
2020-01-01T02:15,0.0
2020-01-01T02:30,0.0
2020-01-01T02:45,0.0
2020-01-01T03:00,0.0
2020-01-01T03:15,0.0
2020-01-01T03:30,0.0
2020-01-01T03:45,0.0
2020-01-01T04:00,0.0
2020-01-01T04:15,0.0
2020-01-01T04:30,0.0
2020-01-01T04:45,0.0
2020-01-01T05:00,0.0
2020-01-01T05:15,0.0
2020-01-01T05:30,0.0
2020-01-01T05:45,0.0
2020-01-01T06:00,0.0
2020-01-01T06:15,0.0
2020-01-01T06:30,0.0
2020-01-01T06:45,0.0
2020-01-01T07:00,0.003
2020-01-01T07:15,0.003
2020-01-01T07:30,0.003
2020-01-01T07:45,0.003
2020-01-01T08:00,0.157
2020-01-01T08:15,0.157
2020-01-01T08:30,0.157
2020-01-01T08:45,0.157
2020-01-01T09:00,0.363
2020-01-01T09:15,0.363
2020-01-01T09:30,0.363
2020-01-01T09:45,0.363
2020-01-01T10:00,0.531
2020-01-01T10:15,0.531
2020-01-01T10:30,0.531
2020-01-01T10:45,0.531
2020-01-01T11:00,0.576
2020-01-01T11:15,0.576
2020-01-01T11:30,0.576
2020-01-01T11:45,0.576
2020-01-01T12:00,0.482
2020-01-01T12:15,0.482
2020-01-01T12:30,0.482
2020-01-01T12:45,0.482
2020-01-01T13:00,0.269
2020-01-01T13:15,0.269
2020-01-01T13:30,0.269
2020-01-01T13:45,0.269
2020-01-01T14:00,0.038
2020-01-01T14:15,0.038
2020-01-01T14:30,0.038
2020-01-01T14:45,0.038
2020-01-01T15:00,0.0
2020-01-01T15:15,0.0
2020-01-01T15:30,0.0
2020-01-01T15:45,0.0
2020-01-01T16:00,0.0
2020-01-01T16:15,0.0
2020-01-01T16:30,0.0
2020-01-01T16:45,0.0
2020-01-01T17:00,0.0
2020-01-01T17:15,0.0
2020-01-01T17:30,0.0
2020-01-01T17:45,0.0
2020-01-01T18:00,0.0
2020-01-01T18:15,0.0
2020-01-01T18:30,0.0
2020-01-01T18:45,0.0
2020-01-01T19:00,0.0
2020-01-01T19:15,0.0
2020-01-01T19:30,0.0
2020-01-01T19:45,0.0
2020-01-01T20:00,0.0
2020-01-01T20:15,0.0
2020-01-01T20:30,0.0
2020-01-01T20:45,0.0
2020-01-01T21:00,0.0
2020-01-01T21:15,0.0
2020-01-01T21:30,0.0
2020-01-01T21:45,0.0
2020-01-01T22:00,0.0
2020-01-01T22:15,0.0
2020-01-01T22:30,0.0
2020-01-01T22:45,0.0
2020-01-01T23:00,0.0
2020-01-01T23:15,0.0
2020-01-01T23:30,0.0
2020-01-01T23:45,0.0
2020-01-02T00:00,0.0
2020-01-02T00:15,0.0
2020-01-02T00:30,0.0
2020-01-02T00:45,0.0
2020-01-02T01:00,0.0
2020-01-02T01:15,0.0
2020-01-02T01:30,0.0
2020-01-02T01:45,0.0
2020-01-02T02:00,0.0
2020-01-02T02:15,0.0
2020-01-02T02:30,0.0
2020-01-02T02:45,0.0
2020-01-02T03:00,0.0
2020-01-02T03:15,0.0
2020-01-02T03:30,0.0
2020-01-02T03:45,0.0
2020-01-02T04:00,0.0
2020-01-02T04:15,0.0
2020-01-02T04:30,0.0
2020-01-02T04:45,0.0
2020-01-02T05:00,0.0
2020-01-02T05:15,0.0
2020-01-02T05:30,0.0
2020-01-02T05:45,0.0
2020-01-02T06:00,0.0
2020-01-02T06:15,0.0
2020-01-02T06:30,0.0
2020-01-02T06:45,0.0
2020-01-02T07:00,0.11
2020-01-02T07:15,0.11
2020-01-02T07:30,0.11
2020-01-02T07:45,0.11
2020-01-02T08:00,1.239
2020-01-02T08:15,1.239
2020-01-02T08:30,1.239
2020-01-02T08:45,1.239
2020-01-02T09:00,2.593
2020-01-02T09:15,2.593
2020-01-02T09:30,2.593
2020-01-02T09:45,2.593
2020-01-02T10:00,3.062
2020-01-02T10:15,3.062
2020-01-02T10:30,3.062
2020-01-02T10:45,3.062
2020-01-02T11:00,3.066
2020-01-02T11:15,3.066
2020-01-02T11:30,3.066
2020-01-02T11:45,3.066
2020-01-02T12:00,2.638
2020-01-02T12:15,2.638
2020-01-02T12:30,2.638
2020-01-02T12:45,2.638
2020-01-02T13:00,1.739
2020-01-02T13:15,1.739
2020-01-02T13:30,1.739
2020-01-02T13:45,1.739
2020-01-02T14:00,0.489
2020-01-02T14:15,0.489
2020-01-02T14:30,0.489
2020-01-02T14:45,0.489
2020-01-02T15:00,0.0
2020-01-02T15:15,0.0
2020-01-02T15:30,0.0
2020-01-02T15:45,0.0
2020-01-02T16:00,0.0
2020-01-02T16:15,0.0
2020-01-02T16:30,0.0
2020-01-02T16:45,0.0
2020-01-02T17:00,0.0
2020-01-02T17:15,0.0
2020-01-02T17:30,0.0
2020-01-02T17:45,0.0
2020-01-02T18:00,0.0
2020-01-02T18:15,0.0
2020-01-02T18:30,0.0
2020-01-02T18:45,0.0
2020-01-02T19:00,0.0
2020-01-02T19:15,0.0
2020-01-02T19:30,0.0
2020-01-02T19:45,0.0
2020-01-02T20:00,0.0
2020-01-02T20:15,0.0
2020-01-02T20:30,0.0
2020-01-02T20:45,0.0
2020-01-02T21:00,0.0
2020-01-02T21:15,0.0
2020-01-02T21:30,0.0
2020-01-02T21:45,0.0
2020-01-02T22:00,0.0
2020-01-02T22:15,0.0
2020-01-02T22:30,0.0
2020-01-02T22:45,0.0
2020-01-02T23:00,0.0
2020-01-02T23:15,0.0
2020-01-02T23:30,0.0
2020-01-02T23:45,0.0
2020-01-03T00:00,0.0
2020-01-03T00:15,0.0
2020-01-03T00:30,0.0
2020-01-03T00:45,0.0
2020-01-03T01:00,0.0
2020-01-03T01:15,0.0
2020-01-03T01:30,0.0
2020-01-03T01:45,0.0
2020-01-03T02:00,0.0
2020-01-03T02:15,0.0
2020-01-03T02:30,0.0
2020-01-03T02:45,0.0
2020-01-03T03:00,0.0
2020-01-03T03:15,0.0
2020-01-03T03:30,0.0
2020-01-03T03:45,0.0
2020-01-03T04:00,0.0
2020-01-03T04:15,0.0
2020-01-03T04:30,0.0
2020-01-03T04:45,0.0
2020-01-03T05:00,0.0
2020-01-03T05:15,0.0
2020-01-03T05:30,0.0
2020-01-03T05:45,0.0
2020-01-03T06:00,0.0
2020-01-03T06:15,0.0
2020-01-03T06:30,0.0
2020-01-03T06:45,0.0
2020-01-03T07:00,0.022
2020-01-03T07:15,0.022
2020-01-03T07:30,0.022
2020-01-03T07:45,0.022
2020-01-03T08:00,0.158
2020-01-03T08:15,0.158
2020-01-03T08:30,0.158
2020-01-03T08:45,0.158
2020-01-03T09:00,0.206
2020-01-03T09:15,0.206
2020-01-03T09:30,0.206
2020-01-03T09:45,0.206
2020-01-03T10:00,0.33
2020-01-03T10:15,0.33
2020-01-03T10:30,0.33
2020-01-03T10:45,0.33
2020-01-03T11:00,0.404
2020-01-03T11:15,0.404
2020-01-03T11:30,0.404
2020-01-03T11:45,0.404
2020-01-03T12:00,0.302
2020-01-03T12:15,0.302
2020-01-03T12:30,0.302
2020-01-03T12:45,0.302
2020-01-03T13:00,0.145
2020-01-03T13:15,0.145
2020-01-03T13:30,0.145
2020-01-03T13:45,0.145
2020-01-03T14:00,0.006
2020-01-03T14:15,0.006
2020-01-03T14:30,0.006
2020-01-03T14:45,0.006
2020-01-03T15:00,0.0
2020-01-03T15:15,0.0
2020-01-03T15:30,0.0
2020-01-03T15:45,0.0
2020-01-03T16:00,0.0
2020-01-03T16:15,0.0
2020-01-03T16:30,0.0
2020-01-03T16:45,0.0
2020-01-03T17:00,0.0
2020-01-03T17:15,0.0
2020-01-03T17:30,0.0
2020-01-03T17:45,0.0
2020-01-03T18:00,0.0
2020-01-03T18:15,0.0
2020-01-03T18:30,0.0
2020-01-03T18:45,0.0
2020-01-03T19:00,0.0
2020-01-03T19:15,0.0
2020-01-03T19:30,0.0
2020-01-03T19:45,0.0
2020-01-03T20:00,0.0
2020-01-03T20:15,0.0
2020-01-03T20:30,0.0
2020-01-03T20:45,0.0
2020-01-03T21:00,0.0
2020-01-03T21:15,0.0
2020-01-03T21:30,0.0
2020-01-03T21:45,0.0
2020-01-03T22:00,0.0
2020-01-03T22:15,0.0
2020-01-03T22:30,0.0
2020-01-03T22:45,0.0
2020-01-03T23:00,0.0
2020-01-03T23:15,0.0
2020-01-03T23:30,0.0
2020-01-03T23:45,0.0
2020-01-04T00:00,0.0
2020-01-04T00:15,0.0
2020-01-04T00:30,0.0
2020-01-04T00:45,0.0
2020-01-04T01:00,0.0
2020-01-04T01:15,0.0
2020-01-04T01:30,0.0
2020-01-04T01:45,0.0
2020-01-04T02:00,0.0
2020-01-04T02:15,0.0
2020-01-04T02:30,0.0
2020-01-04T02:45,0.0
2020-01-04T03:00,0.0
2020-01-04T03:15,0.0
2020-01-04T03:30,0.0
2020-01-04T03:45,0.0
2020-01-04T04:00,0.0
2020-01-04T04:15,0.0
2020-01-04T04:30,0.0
2020-01-04T04:45,0.0
2020-01-04T05:00,0.0
2020-01-04T05:15,0.0
2020-01-04T05:30,0.0
2020-01-04T05:45,0.0
2020-01-04T06:00,0.0
2020-01-04T06:15,0.0
2020-01-04T06:30,0.0
2020-01-04T06:45,0.0
2020-01-04T07:00,0.0
2020-01-04T07:15,0.0
2020-01-04T07:30,0.0
2020-01-04T07:45,0.0
2020-01-04T08:00,0.05
2020-01-04T08:15,0.05
2020-01-04T08:30,0.05
2020-01-04T08:45,0.05
2020-01-04T09:00,0.088
2020-01-04T09:15,0.088
2020-01-04T09:30,0.088
2020-01-04T09:45,0.088
2020-01-04T10:00,0.139
2020-01-04T10:15,0.139
2020-01-04T10:30,0.139
2020-01-04T10:45,0.139
2020-01-04T11:00,0.082
2020-01-04T11:15,0.082
2020-01-04T11:30,0.082
2020-01-04T11:45,0.082
2020-01-04T12:00,0.151
2020-01-04T12:15,0.151
2020-01-04T12:30,0.151
2020-01-04T12:45,0.151
2020-01-04T13:00,0.087
2020-01-04T13:15,0.087
2020-01-04T13:30,0.087
2020-01-04T13:45,0.087
2020-01-04T14:00,0.046
2020-01-04T14:15,0.046
2020-01-04T14:30,0.046
2020-01-04T14:45,0.046
2020-01-04T15:00,0.0
2020-01-04T15:15,0.0
2020-01-04T15:30,0.0
2020-01-04T15:45,0.0
2020-01-04T16:00,0.0
2020-01-04T16:15,0.0
2020-01-04T16:30,0.0
2020-01-04T16:45,0.0
2020-01-04T17:00,0.0
2020-01-04T17:15,0.0
2020-01-04T17:30,0.0
2020-01-04T17:45,0.0
2020-01-04T18:00,0.0
2020-01-04T18:15,0.0
2020-01-04T18:30,0.0
2020-01-04T18:45,0.0
2020-01-04T19:00,0.0
2020-01-04T19:15,0.0
2020-01-04T19:30,0.0
2020-01-04T19:45,0.0
2020-01-04T20:00,0.0
2020-01-04T20:15,0.0
2020-01-04T20:30,0.0
2020-01-04T20:45,0.0
2020-01-04T21:00,0.0
2020-01-04T21:15,0.0
2020-01-04T21:30,0.0
2020-01-04T21:45,0.0
2020-01-04T22:00,0.0
2020-01-04T22:15,0.0
2020-01-04T22:30,0.0
2020-01-04T22:45,0.0
2020-01-04T23:00,0.0
2020-01-04T23:15,0.0
2020-01-04T23:30,0.0
2020-01-04T23:45,0.0
2020-01-05T00:00,0.0
2020-01-05T00:15,0.0
2020-01-05T00:30,0.0
2020-01-05T00:45,0.0
2020-01-05T01:00,0.0
2020-01-05T01:15,0.0
2020-01-05T01:30,0.0
2020-01-05T01:45,0.0
2020-01-05T02:00,0.0
2020-01-05T02:15,0.0
2020-01-05T02:30,0.0
2020-01-05T02:45,0.0
2020-01-05T03:00,0.0
2020-01-05T03:15,0.0
2020-01-05T03:30,0.0
2020-01-05T03:45,0.0
2020-01-05T04:00,0.0
2020-01-05T04:15,0.0
2020-01-05T04:30,0.0
2020-01-05T04:45,0.0
2020-01-05T05:00,0.0
2020-01-05T05:15,0.0
2020-01-05T05:30,0.0
2020-01-05T05:45,0.0
2020-01-05T06:00,0.0
2020-01-05T06:15,0.0
2020-01-05T06:30,0.0
2020-01-05T06:45,0.0
2020-01-05T07:00,0.024
2020-01-05T07:15,0.024
2020-01-05T07:30,0.024
2020-01-05T07:45,0.024
2020-01-05T08:00,0.52
2020-01-05T08:15,0.52
2020-01-05T08:30,0.52
2020-01-05T08:45,0.52
2020-01-05T09:00,1.62
2020-01-05T09:15,1.62
2020-01-05T09:30,1.62
2020-01-05T09:45,1.62
2020-01-05T10:00,2.853
2020-01-05T10:15,2.853
2020-01-05T10:30,2.853
2020-01-05T10:45,2.853
2020-01-05T11:00,2.846
2020-01-05T11:15,2.846
2020-01-05T11:30,2.846
2020-01-05T11:45,2.846
2020-01-05T12:00,2.36
2020-01-05T12:15,2.36
2020-01-05T12:30,2.36
2020-01-05T12:45,2.36
2020-01-05T13:00,1.316
2020-01-05T13:15,1.316
2020-01-05T13:30,1.316
2020-01-05T13:45,1.316
2020-01-05T14:00,0.241
2020-01-05T14:15,0.241
2020-01-05T14:30,0.241
2020-01-05T14:45,0.241
2020-01-05T15:00,0.0
2020-01-05T15:15,0.0
2020-01-05T15:30,0.0
2020-01-05T15:45,0.0
2020-01-05T16:00,0.0
2020-01-05T16:15,0.0
2020-01-05T16:30,0.0
2020-01-05T16:45,0.0
2020-01-05T17:00,0.0
2020-01-05T17:15,0.0
2020-01-05T17:30,0.0
2020-01-05T17:45,0.0
2020-01-05T18:00,0.0
2020-01-05T18:15,0.0
2020-01-05T18:30,0.0
2020-01-05T18:45,0.0
2020-01-05T19:00,0.0
2020-01-05T19:15,0.0
2020-01-05T19:30,0.0
2020-01-05T19:45,0.0
2020-01-05T20:00,0.0
2020-01-05T20:15,0.0
2020-01-05T20:30,0.0
2020-01-05T20:45,0.0
2020-01-05T21:00,0.0
2020-01-05T21:15,0.0
2020-01-05T21:30,0.0
2020-01-05T21:45,0.0
2020-01-05T22:00,0.0
2020-01-05T22:15,0.0
2020-01-05T22:30,0.0
2020-01-05T22:45,0.0
2020-01-05T23:00,0.0
2020-01-05T23:15,0.0
2020-01-05T23:30,0.0
2020-01-05T23:45,0.0
2020-01-06T00:00,0.0
2020-01-06T00:15,0.0
2020-01-06T00:30,0.0
2020-01-06T00:45,0.0
2020-01-06T01:00,0.0
2020-01-06T01:15,0.0
2020-01-06T01:30,0.0
2020-01-06T01:45,0.0
2020-01-06T02:00,0.0
2020-01-06T02:15,0.0
2020-01-06T02:30,0.0
2020-01-06T02:45,0.0
2020-01-06T03:00,0.0
2020-01-06T03:15,0.0
2020-01-06T03:30,0.0
2020-01-06T03:45,0.0
2020-01-06T04:00,0.0
2020-01-06T04:15,0.0
2020-01-06T04:30,0.0
2020-01-06T04:45,0.0
2020-01-06T05:00,0.0
2020-01-06T05:15,0.0
2020-01-06T05:30,0.0
2020-01-06T05:45,0.0
2020-01-06T06:00,0.0
2020-01-06T06:15,0.0
2020-01-06T06:30,0.0
2020-01-06T06:45,0.0
2020-01-06T07:00,0.0
2020-01-06T07:15,0.0
2020-01-06T07:30,0.0
2020-01-06T07:45,0.0
2020-01-06T08:00,0.138
2020-01-06T08:15,0.138
2020-01-06T08:30,0.138
2020-01-06T08:45,0.138
2020-01-06T09:00,0.419
2020-01-06T09:15,0.419
2020-01-06T09:30,0.419
2020-01-06T09:45,0.419
2020-01-06T10:00,0.69
2020-01-06T10:15,0.69
2020-01-06T10:30,0.69
2020-01-06T10:45,0.69
2020-01-06T11:00,0.838
2020-01-06T11:15,0.838
2020-01-06T11:30,0.838
2020-01-06T11:45,0.838
2020-01-06T12:00,0.717
2020-01-06T12:15,0.717
2020-01-06T12:30,0.717
2020-01-06T12:45,0.717
2020-01-06T13:00,0.458
2020-01-06T13:15,0.458
2020-01-06T13:30,0.458
2020-01-06T13:45,0.458
2020-01-06T14:00,0.112
2020-01-06T14:15,0.112
2020-01-06T14:30,0.112
2020-01-06T14:45,0.112
2020-01-06T15:00,0.0
2020-01-06T15:15,0.0
2020-01-06T15:30,0.0
2020-01-06T15:45,0.0
2020-01-06T16:00,0.0
2020-01-06T16:15,0.0
2020-01-06T16:30,0.0
2020-01-06T16:45,0.0
2020-01-06T17:00,0.0
2020-01-06T17:15,0.0
2020-01-06T17:30,0.0
2020-01-06T17:45,0.0
2020-01-06T18:00,0.0
2020-01-06T18:15,0.0
2020-01-06T18:30,0.0
2020-01-06T18:45,0.0
2020-01-06T19:00,0.0
2020-01-06T19:15,0.0
2020-01-06T19:30,0.0
2020-01-06T19:45,0.0
2020-01-06T20:00,0.0
2020-01-06T20:15,0.0
2020-01-06T20:30,0.0
2020-01-06T20:45,0.0
2020-01-06T21:00,0.0
2020-01-06T21:15,0.0
2020-01-06T21:30,0.0
2020-01-06T21:45,0.0
2020-01-06T22:00,0.0
2020-01-06T22:15,0.0
2020-01-06T22:30,0.0
2020-01-06T22:45,0.0
2020-01-06T23:00,0.0
2020-01-06T23:15,0.0
2020-01-06T23:30,0.0
2020-01-06T23:45,0.0
2020-01-07T00:00,0.0
2020-01-07T00:15,0.0
2020-01-07T00:30,0.0
2020-01-07T00:45,0.0
2020-01-07T01:00,0.0
2020-01-07T01:15,0.0
2020-01-07T01:30,0.0
2020-01-07T01:45,0.0
2020-01-07T02:00,0.0
2020-01-07T02:15,0.0
2020-01-07T02:30,0.0
2020-01-07T02:45,0.0
2020-01-07T03:00,0.0
2020-01-07T03:15,0.0
2020-01-07T03:30,0.0
2020-01-07T03:45,0.0
2020-01-07T04:00,0.0
2020-01-07T04:15,0.0
2020-01-07T04:30,0.0
2020-01-07T04:45,0.0
2020-01-07T05:00,0.0
2020-01-07T05:15,0.0
2020-01-07T05:30,0.0
2020-01-07T05:45,0.0
2020-01-07T06:00,0.0
2020-01-07T06:15,0.0
2020-01-07T06:30,0.0
2020-01-07T06:45,0.0
2020-01-07T07:00,0.024
2020-01-07T07:15,0.024
2020-01-07T07:30,0.024
2020-01-07T07:45,0.024
2020-01-07T08:00,0.384
2020-01-07T08:15,0.384
2020-01-07T08:30,0.384
2020-01-07T08:45,0.384
2020-01-07T09:00,0.546
2020-01-07T09:15,0.546
2020-01-07T09:30,0.546
2020-01-07T09:45,0.546
2020-01-07T10:00,0.382
2020-01-07T10:15,0.382
2020-01-07T10:30,0.382
2020-01-07T10:45,0.382
2020-01-07T11:00,0.151
2020-01-07T11:15,0.151
2020-01-07T11:30,0.151
2020-01-07T11:45,0.151
2020-01-07T12:00,0.127
2020-01-07T12:15,0.127
2020-01-07T12:30,0.127
2020-01-07T12:45,0.127
2020-01-07T13:00,0.107
2020-01-07T13:15,0.107
2020-01-07T13:30,0.107
2020-01-07T13:45,0.107
2020-01-07T14:00,0.015
2020-01-07T14:15,0.015
2020-01-07T14:30,0.015
2020-01-07T14:45,0.015
2020-01-07T15:00,0.0
2020-01-07T15:15,0.0
2020-01-07T15:30,0.0
2020-01-07T15:45,0.0
2020-01-07T16:00,0.0
2020-01-07T16:15,0.0
2020-01-07T16:30,0.0
2020-01-07T16:45,0.0
2020-01-07T17:00,0.0
2020-01-07T17:15,0.0
2020-01-07T17:30,0.0
2020-01-07T17:45,0.0
2020-01-07T18:00,0.0
2020-01-07T18:15,0.0
2020-01-07T18:30,0.0
2020-01-07T18:45,0.0
2020-01-07T19:00,0.0
2020-01-07T19:15,0.0
2020-01-07T19:30,0.0
2020-01-07T19:45,0.0
2020-01-07T20:00,0.0
2020-01-07T20:15,0.0
2020-01-07T20:30,0.0
2020-01-07T20:45,0.0
2020-01-07T21:00,0.0
2020-01-07T21:15,0.0
2020-01-07T21:30,0.0
2020-01-07T21:45,0.0
2020-01-07T22:00,0.0
2020-01-07T22:15,0.0
2020-01-07T22:30,0.0
2020-01-07T22:45,0.0
2020-01-07T23:00,0.0
2020-01-07T23:15,0.0
2020-01-07T23:30,0.0
2020-01-07T23:45,0.0
2020-01-08T00:00,0.0
2020-01-08T00:15,0.0
2020-01-08T00:30,0.0
2020-01-08T00:45,0.0
2020-01-08T01:00,0.0
2020-01-08T01:15,0.0
2020-01-08T01:30,0.0
2020-01-08T01:45,0.0
2020-01-08T02:00,0.0
2020-01-08T02:15,0.0
2020-01-08T02:30,0.0
2020-01-08T02:45,0.0
2020-01-08T03:00,0.0
2020-01-08T03:15,0.0
2020-01-08T03:30,0.0
2020-01-08T03:45,0.0
2020-01-08T04:00,0.0
2020-01-08T04:15,0.0
2020-01-08T04:30,0.0
2020-01-08T04:45,0.0
2020-01-08T05:00,0.0
2020-01-08T05:15,0.0
2020-01-08T05:30,0.0
2020-01-08T05:45,0.0
2020-01-08T06:00,0.0
2020-01-08T06:15,0.0
2020-01-08T06:30,0.0
2020-01-08T06:45,0.0
2020-01-08T07:00,0.0
2020-01-08T07:15,0.0
2020-01-08T07:30,0.0
2020-01-08T07:45,0.0
2020-01-08T08:00,0.043
2020-01-08T08:15,0.043
2020-01-08T08:30,0.043
2020-01-08T08:45,0.043
2020-01-08T09:00,0.061
2020-01-08T09:15,0.061
2020-01-08T09:30,0.061
2020-01-08T09:45,0.061
2020-01-08T10:00,0.119
2020-01-08T10:15,0.119
2020-01-08T10:30,0.119
2020-01-08T10:45,0.119
2020-01-08T11:00,0.228
2020-01-08T11:15,0.228
2020-01-08T11:30,0.228
2020-01-08T11:45,0.228
2020-01-08T12:00,0.149
2020-01-08T12:15,0.149
2020-01-08T12:30,0.149
2020-01-08T12:45,0.149
2020-01-08T13:00,0.059
2020-01-08T13:15,0.059
2020-01-08T13:30,0.059
2020-01-08T13:45,0.059
2020-01-08T14:00,0.0
2020-01-08T14:15,0.0
2020-01-08T14:30,0.0
2020-01-08T14:45,0.0
2020-01-08T15:00,0.0
2020-01-08T15:15,0.0
2020-01-08T15:30,0.0
2020-01-08T15:45,0.0
2020-01-08T16:00,0.0
2020-01-08T16:15,0.0
2020-01-08T16:30,0.0
2020-01-08T16:45,0.0
2020-01-08T17:00,0.0
2020-01-08T17:15,0.0
2020-01-08T17:30,0.0
2020-01-08T17:45,0.0
2020-01-08T18:00,0.0
2020-01-08T18:15,0.0
2020-01-08T18:30,0.0
2020-01-08T18:45,0.0
2020-01-08T19:00,0.0
2020-01-08T19:15,0.0
2020-01-08T19:30,0.0
2020-01-08T19:45,0.0
2020-01-08T20:00,0.0
2020-01-08T20:15,0.0
2020-01-08T20:30,0.0
2020-01-08T20:45,0.0
2020-01-08T21:00,0.0
2020-01-08T21:15,0.0
2020-01-08T21:30,0.0
2020-01-08T21:45,0.0
2020-01-08T22:00,0.0
2020-01-08T22:15,0.0
2020-01-08T22:30,0.0
2020-01-08T22:45,0.0
2020-01-08T23:00,0.0
2020-01-08T23:15,0.0
2020-01-08T23:30,0.0
2020-01-08T23:45,0.0
2020-01-09T00:00,0.0
2020-01-09T00:15,0.0
2020-01-09T00:30,0.0
2020-01-09T00:45,0.0
2020-01-09T01:00,0.0
2020-01-09T01:15,0.0
2020-01-09T01:30,0.0
2020-01-09T01:45,0.0
2020-01-09T02:00,0.0
2020-01-09T02:15,0.0
2020-01-09T02:30,0.0
2020-01-09T02:45,0.0
2020-01-09T03:00,0.0
2020-01-09T03:15,0.0
2020-01-09T03:30,0.0
2020-01-09T03:45,0.0
2020-01-09T04:00,0.0
2020-01-09T04:15,0.0
2020-01-09T04:30,0.0
2020-01-09T04:45,0.0
2020-01-09T05:00,0.0
2020-01-09T05:15,0.0
2020-01-09T05:30,0.0
2020-01-09T05:45,0.0
2020-01-09T06:00,0.0
2020-01-09T06:15,0.0
2020-01-09T06:30,0.0
2020-01-09T06:45,0.0
2020-01-09T07:00,0.014
2020-01-09T07:15,0.014
2020-01-09T07:30,0.014
2020-01-09T07:45,0.014
2020-01-09T08:00,0.268
2020-01-09T08:15,0.268
2020-01-09T08:30,0.268
2020-01-09T08:45,0.268
2020-01-09T09:00,0.574
2020-01-09T09:15,0.574
2020-01-09T09:30,0.574
2020-01-09T09:45,0.574
2020-01-09T10:00,0.584
2020-01-09T10:15,0.584
2020-01-09T10:30,0.584
2020-01-09T10:45,0.584
2020-01-09T11:00,0.209
2020-01-09T11:15,0.209
2020-01-09T11:30,0.209
2020-01-09T11:45,0.209
2020-01-09T12:00,0.123
2020-01-09T12:15,0.123
2020-01-09T12:30,0.123
2020-01-09T12:45,0.123
2020-01-09T13:00,0.062
2020-01-09T13:15,0.062
2020-01-09T13:30,0.062
2020-01-09T13:45,0.062
2020-01-09T14:00,0.002
2020-01-09T14:15,0.002
2020-01-09T14:30,0.002
2020-01-09T14:45,0.002
2020-01-09T15:00,0.0
2020-01-09T15:15,0.0
2020-01-09T15:30,0.0
2020-01-09T15:45,0.0
2020-01-09T16:00,0.0
2020-01-09T16:15,0.0
2020-01-09T16:30,0.0
2020-01-09T16:45,0.0
2020-01-09T17:00,0.0
2020-01-09T17:15,0.0
2020-01-09T17:30,0.0
2020-01-09T17:45,0.0
2020-01-09T18:00,0.0
2020-01-09T18:15,0.0
2020-01-09T18:30,0.0
2020-01-09T18:45,0.0
2020-01-09T19:00,0.0
2020-01-09T19:15,0.0
2020-01-09T19:30,0.0
2020-01-09T19:45,0.0
2020-01-09T20:00,0.0
2020-01-09T20:15,0.0
2020-01-09T20:30,0.0
2020-01-09T20:45,0.0
2020-01-09T21:00,0.0
2020-01-09T21:15,0.0
2020-01-09T21:30,0.0
2020-01-09T21:45,0.0
2020-01-09T22:00,0.0
2020-01-09T22:15,0.0
2020-01-09T22:30,0.0
2020-01-09T22:45,0.0
2020-01-09T23:00,0.0
2020-01-09T23:15,0.0
2020-01-09T23:30,0.0
2020-01-09T23:45,0.0
2020-01-10T00:00,0.0
2020-01-10T00:15,0.0
2020-01-10T00:30,0.0
2020-01-10T00:45,0.0
2020-01-10T01:00,0.0
2020-01-10T01:15,0.0
2020-01-10T01:30,0.0
2020-01-10T01:45,0.0
2020-01-10T02:00,0.0
2020-01-10T02:15,0.0
2020-01-10T02:30,0.0
2020-01-10T02:45,0.0
2020-01-10T03:00,0.0
2020-01-10T03:15,0.0
2020-01-10T03:30,0.0
2020-01-10T03:45,0.0
2020-01-10T04:00,0.0
2020-01-10T04:15,0.0
2020-01-10T04:30,0.0
2020-01-10T04:45,0.0
2020-01-10T05:00,0.0
2020-01-10T05:15,0.0
2020-01-10T05:30,0.0
2020-01-10T05:45,0.0
2020-01-10T06:00,0.0
2020-01-10T06:15,0.0
2020-01-10T06:30,0.0
2020-01-10T06:45,0.0
2020-01-10T07:00,0.0
2020-01-10T07:15,0.0
2020-01-10T07:30,0.0
2020-01-10T07:45,0.0
2020-01-10T08:00,0.049
2020-01-10T08:15,0.049
2020-01-10T08:30,0.049
2020-01-10T08:45,0.049
2020-01-10T09:00,0.232
2020-01-10T09:15,0.232
2020-01-10T09:30,0.232
2020-01-10T09:45,0.232
2020-01-10T10:00,0.784
2020-01-10T10:15,0.784
2020-01-10T10:30,0.784
2020-01-10T10:45,0.784
2020-01-10T11:00,1.669
2020-01-10T11:15,1.669
2020-01-10T11:30,1.669
2020-01-10T11:45,1.669
2020-01-10T12:00,1.73
2020-01-10T12:15,1.73
2020-01-10T12:30,1.73
2020-01-10T12:45,1.73
2020-01-10T13:00,1.11
2020-01-10T13:15,1.11
2020-01-10T13:30,1.11
2020-01-10T13:45,1.11
2020-01-10T14:00,0.208
2020-01-10T14:15,0.208
2020-01-10T14:30,0.208
2020-01-10T14:45,0.208
2020-01-10T15:00,0.0
2020-01-10T15:15,0.0
2020-01-10T15:30,0.0
2020-01-10T15:45,0.0
2020-01-10T16:00,0.0
2020-01-10T16:15,0.0
2020-01-10T16:30,0.0
2020-01-10T16:45,0.0
2020-01-10T17:00,0.0
2020-01-10T17:15,0.0
2020-01-10T17:30,0.0
2020-01-10T17:45,0.0
2020-01-10T18:00,0.0
2020-01-10T18:15,0.0
2020-01-10T18:30,0.0
2020-01-10T18:45,0.0
2020-01-10T19:00,0.0
2020-01-10T19:15,0.0
2020-01-10T19:30,0.0
2020-01-10T19:45,0.0
2020-01-10T20:00,0.0
2020-01-10T20:15,0.0
2020-01-10T20:30,0.0
2020-01-10T20:45,0.0
2020-01-10T21:00,0.0
2020-01-10T21:15,0.0
2020-01-10T21:30,0.0
2020-01-10T21:45,0.0
2020-01-10T22:00,0.0
2020-01-10T22:15,0.0
2020-01-10T22:30,0.0
2020-01-10T22:45,0.0
2020-01-10T23:00,0.0
2020-01-10T23:15,0.0
2020-01-10T23:30,0.0
2020-01-10T23:45,0.0
2020-01-11T00:00,0.0
2020-01-11T00:15,0.0
2020-01-11T00:30,0.0
2020-01-11T00:45,0.0
2020-01-11T01:00,0.0
2020-01-11T01:15,0.0
2020-01-11T01:30,0.0
2020-01-11T01:45,0.0
2020-01-11T02:00,0.0
2020-01-11T02:15,0.0
2020-01-11T02:30,0.0
2020-01-11T02:45,0.0
2020-01-11T03:00,0.0
2020-01-11T03:15,0.0
2020-01-11T03:30,0.0
2020-01-11T03:45,0.0
2020-01-11T04:00,0.0
2020-01-11T04:15,0.0
2020-01-11T04:30,0.0
2020-01-11T04:45,0.0
2020-01-11T05:00,0.0
2020-01-11T05:15,0.0
2020-01-11T05:30,0.0
2020-01-11T05:45,0.0
2020-01-11T06:00,0.0
2020-01-11T06:15,0.0
2020-01-11T06:30,0.0
2020-01-11T06:45,0.0
2020-01-11T07:00,0.074
2020-01-11T07:15,0.074
2020-01-11T07:30,0.074
2020-01-11T07:45,0.074
2020-01-11T08:00,0.564
2020-01-11T08:15,0.564
2020-01-11T08:30,0.564
2020-01-11T08:45,0.564
2020-01-11T09:00,1.26
2020-01-11T09:15,1.26
2020-01-11T09:30,1.26
2020-01-11T09:45,1.26
2020-01-11T10:00,2.312
2020-01-11T10:15,2.312
2020-01-11T10:30,2.312
2020-01-11T10:45,2.312
2020-01-11T11:00,2.755
2020-01-11T11:15,2.755
2020-01-11T11:30,2.755
2020-01-11T11:45,2.755
2020-01-11T12:00,2.374
2020-01-11T12:15,2.374
2020-01-11T12:30,2.374
2020-01-11T12:45,2.374
2020-01-11T13:00,1.51
2020-01-11T13:15,1.51
2020-01-11T13:30,1.51
2020-01-11T13:45,1.51
2020-01-11T14:00,0.314
2020-01-11T14:15,0.314
2020-01-11T14:30,0.314
2020-01-11T14:45,0.314
2020-01-11T15:00,0.0
2020-01-11T15:15,0.0
2020-01-11T15:30,0.0
2020-01-11T15:45,0.0
2020-01-11T16:00,0.0
2020-01-11T16:15,0.0
2020-01-11T16:30,0.0
2020-01-11T16:45,0.0
2020-01-11T17:00,0.0
2020-01-11T17:15,0.0
2020-01-11T17:30,0.0
2020-01-11T17:45,0.0
2020-01-11T18:00,0.0
2020-01-11T18:15,0.0
2020-01-11T18:30,0.0
2020-01-11T18:45,0.0
2020-01-11T19:00,0.0
2020-01-11T19:15,0.0
2020-01-11T19:30,0.0
2020-01-11T19:45,0.0
2020-01-11T20:00,0.0
2020-01-11T20:15,0.0
2020-01-11T20:30,0.0
2020-01-11T20:45,0.0
2020-01-11T21:00,0.0
2020-01-11T21:15,0.0
2020-01-11T21:30,0.0
2020-01-11T21:45,0.0
2020-01-11T22:00,0.0
2020-01-11T22:15,0.0
2020-01-11T22:30,0.0
2020-01-11T22:45,0.0
2020-01-11T23:00,0.0
2020-01-11T23:15,0.0
2020-01-11T23:30,0.0
2020-01-11T23:45,0.0
2020-01-12T00:00,0.0
2020-01-12T00:15,0.0
2020-01-12T00:30,0.0
2020-01-12T00:45,0.0
2020-01-12T01:00,0.0
2020-01-12T01:15,0.0
2020-01-12T01:30,0.0
2020-01-12T01:45,0.0
2020-01-12T02:00,0.0
2020-01-12T02:15,0.0
2020-01-12T02:30,0.0
2020-01-12T02:45,0.0
2020-01-12T03:00,0.0
2020-01-12T03:15,0.0
2020-01-12T03:30,0.0
2020-01-12T03:45,0.0
2020-01-12T04:00,0.0
2020-01-12T04:15,0.0
2020-01-12T04:30,0.0
2020-01-12T04:45,0.0
2020-01-12T05:00,0.0
2020-01-12T05:15,0.0
2020-01-12T05:30,0.0
2020-01-12T05:45,0.0
2020-01-12T06:00,0.0
2020-01-12T06:15,0.0
2020-01-12T06:30,0.0
2020-01-12T06:45,0.0
2020-01-12T07:00,0.056
2020-01-12T07:15,0.056
2020-01-12T07:30,0.056
2020-01-12T07:45,0.056
2020-01-12T08:00,0.527
2020-01-12T08:15,0.527
2020-01-12T08:30,0.527
2020-01-12T08:45,0.527
2020-01-12T09:00,1.415
2020-01-12T09:15,1.415
2020-01-12T09:30,1.415
2020-01-12T09:45,1.415
2020-01-12T10:00,1.625
2020-01-12T10:15,1.625
2020-01-12T10:30,1.625
2020-01-12T10:45,1.625
2020-01-12T11:00,1.474
2020-01-12T11:15,1.474
2020-01-12T11:30,1.474
2020-01-12T11:45,1.474
2020-01-12T12:00,1.483
2020-01-12T12:15,1.483
2020-01-12T12:30,1.483
2020-01-12T12:45,1.483
2020-01-12T13:00,1.1
2020-01-12T13:15,1.1
2020-01-12T13:30,1.1
2020-01-12T13:45,1.1
2020-01-12T14:00,0.136
2020-01-12T14:15,0.136
2020-01-12T14:30,0.136
2020-01-12T14:45,0.136
2020-01-12T15:00,0.0
2020-01-12T15:15,0.0
2020-01-12T15:30,0.0
2020-01-12T15:45,0.0
2020-01-12T16:00,0.0
2020-01-12T16:15,0.0
2020-01-12T16:30,0.0
2020-01-12T16:45,0.0
2020-01-12T17:00,0.0
2020-01-12T17:15,0.0
2020-01-12T17:30,0.0
2020-01-12T17:45,0.0
2020-01-12T18:00,0.0
2020-01-12T18:15,0.0
2020-01-12T18:30,0.0
2020-01-12T18:45,0.0
2020-01-12T19:00,0.0
2020-01-12T19:15,0.0
2020-01-12T19:30,0.0
2020-01-12T19:45,0.0
2020-01-12T20:00,0.0
2020-01-12T20:15,0.0
2020-01-12T20:30,0.0
2020-01-12T20:45,0.0
2020-01-12T21:00,0.0
2020-01-12T21:15,0.0
2020-01-12T21:30,0.0
2020-01-12T21:45,0.0
2020-01-12T22:00,0.0
2020-01-12T22:15,0.0
2020-01-12T22:30,0.0
2020-01-12T22:45,0.0
2020-01-12T23:00,0.0
2020-01-12T23:15,0.0
2020-01-12T23:30,0.0
2020-01-12T23:45,0.0
2020-01-13T00:00,0.0
2020-01-13T00:15,0.0
2020-01-13T00:30,0.0
2020-01-13T00:45,0.0
2020-01-13T01:00,0.0
2020-01-13T01:15,0.0
2020-01-13T01:30,0.0
2020-01-13T01:45,0.0
2020-01-13T02:00,0.0
2020-01-13T02:15,0.0
2020-01-13T02:30,0.0
2020-01-13T02:45,0.0
2020-01-13T03:00,0.0
2020-01-13T03:15,0.0
2020-01-13T03:30,0.0
2020-01-13T03:45,0.0
2020-01-13T04:00,0.0
2020-01-13T04:15,0.0
2020-01-13T04:30,0.0
2020-01-13T04:45,0.0
2020-01-13T05:00,0.0
2020-01-13T05:15,0.0
2020-01-13T05:30,0.0
2020-01-13T05:45,0.0
2020-01-13T06:00,0.0
2020-01-13T06:15,0.0
2020-01-13T06:30,0.0
2020-01-13T06:45,0.0
2020-01-13T07:00,0.002
2020-01-13T07:15,0.002
2020-01-13T07:30,0.002
2020-01-13T07:45,0.002
2020-01-13T08:00,0.103
2020-01-13T08:15,0.103
2020-01-13T08:30,0.103
2020-01-13T08:45,0.103
2020-01-13T09:00,0.272
2020-01-13T09:15,0.272
2020-01-13T09:30,0.272
2020-01-13T09:45,0.272
2020-01-13T10:00,0.502
2020-01-13T10:15,0.502
2020-01-13T10:30,0.502
2020-01-13T10:45,0.502
2020-01-13T11:00,0.622
2020-01-13T11:15,0.622
2020-01-13T11:30,0.622
2020-01-13T11:45,0.622
2020-01-13T12:00,0.514
2020-01-13T12:15,0.514
2020-01-13T12:30,0.514
2020-01-13T12:45,0.514
2020-01-13T13:00,0.27
2020-01-13T13:15,0.27
2020-01-13T13:30,0.27
2020-01-13T13:45,0.27
2020-01-13T14:00,0.052
2020-01-13T14:15,0.052
2020-01-13T14:30,0.052
2020-01-13T14:45,0.052
2020-01-13T15:00,0.0
2020-01-13T15:15,0.0
2020-01-13T15:30,0.0
2020-01-13T15:45,0.0
2020-01-13T16:00,0.0
2020-01-13T16:15,0.0
2020-01-13T16:30,0.0
2020-01-13T16:45,0.0
2020-01-13T17:00,0.0
2020-01-13T17:15,0.0
2020-01-13T17:30,0.0
2020-01-13T17:45,0.0
2020-01-13T18:00,0.0
2020-01-13T18:15,0.0
2020-01-13T18:30,0.0
2020-01-13T18:45,0.0
2020-01-13T19:00,0.0
2020-01-13T19:15,0.0
2020-01-13T19:30,0.0
2020-01-13T19:45,0.0
2020-01-13T20:00,0.0
2020-01-13T20:15,0.0
2020-01-13T20:30,0.0
2020-01-13T20:45,0.0
2020-01-13T21:00,0.0
2020-01-13T21:15,0.0
2020-01-13T21:30,0.0
2020-01-13T21:45,0.0
2020-01-13T22:00,0.0
2020-01-13T22:15,0.0
2020-01-13T22:30,0.0
2020-01-13T22:45,0.0
2020-01-13T23:00,0.0
2020-01-13T23:15,0.0
2020-01-13T23:30,0.0
2020-01-13T23:45,0.0
2020-01-14T00:00,0.0
2020-01-14T00:15,0.0
2020-01-14T00:30,0.0
2020-01-14T00:45,0.0
2020-01-14T01:00,0.0
2020-01-14T01:15,0.0
2020-01-14T01:30,0.0
2020-01-14T01:45,0.0
2020-01-14T02:00,0.0
2020-01-14T02:15,0.0
2020-01-14T02:30,0.0
2020-01-14T02:45,0.0
2020-01-14T03:00,0.0
2020-01-14T03:15,0.0
2020-01-14T03:30,0.0
2020-01-14T03:45,0.0
2020-01-14T04:00,0.0
2020-01-14T04:15,0.0
2020-01-14T04:30,0.0
2020-01-14T04:45,0.0
2020-01-14T05:00,0.0
2020-01-14T05:15,0.0
2020-01-14T05:30,0.0
2020-01-14T05:45,0.0
2020-01-14T06:00,0.0
2020-01-14T06:15,0.0
2020-01-14T06:30,0.0
2020-01-14T06:45,0.0
2020-01-14T07:00,0.076
2020-01-14T07:15,0.076
2020-01-14T07:30,0.076
2020-01-14T07:45,0.076
2020-01-14T08:00,0.348
2020-01-14T08:15,0.348
2020-01-14T08:30,0.348
2020-01-14T08:45,0.348
2020-01-14T09:00,0.324
2020-01-14T09:15,0.324
2020-01-14T09:30,0.324
2020-01-14T09:45,0.324
2020-01-14T10:00,0.298
2020-01-14T10:15,0.298
2020-01-14T10:30,0.298
2020-01-14T10:45,0.298
2020-01-14T11:00,0.892
2020-01-14T11:15,0.892
2020-01-14T11:30,0.892
2020-01-14T11:45,0.892
2020-01-14T12:00,0.917
2020-01-14T12:15,0.917
2020-01-14T12:30,0.917
2020-01-14T12:45,0.917
2020-01-14T13:00,0.575
2020-01-14T13:15,0.575
2020-01-14T13:30,0.575
2020-01-14T13:45,0.575
2020-01-14T14:00,0.099
2020-01-14T14:15,0.099
2020-01-14T14:30,0.099
2020-01-14T14:45,0.099
2020-01-14T15:00,0.0
2020-01-14T15:15,0.0
2020-01-14T15:30,0.0
2020-01-14T15:45,0.0
2020-01-14T16:00,0.0
2020-01-14T16:15,0.0
2020-01-14T16:30,0.0
2020-01-14T16:45,0.0
2020-01-14T17:00,0.0
2020-01-14T17:15,0.0
2020-01-14T17:30,0.0
2020-01-14T17:45,0.0
2020-01-14T18:00,0.0
2020-01-14T18:15,0.0
2020-01-14T18:30,0.0
2020-01-14T18:45,0.0
2020-01-14T19:00,0.0
2020-01-14T19:15,0.0
2020-01-14T19:30,0.0
2020-01-14T19:45,0.0
2020-01-14T20:00,0.0
2020-01-14T20:15,0.0
2020-01-14T20:30,0.0
2020-01-14T20:45,0.0
2020-01-14T21:00,0.0
2020-01-14T21:15,0.0
2020-01-14T21:30,0.0
2020-01-14T21:45,0.0
2020-01-14T22:00,0.0
2020-01-14T22:15,0.0
2020-01-14T22:30,0.0
2020-01-14T22:45,0.0
2020-01-14T23:00,0.0
2020-01-14T23:15,0.0
2020-01-14T23:30,0.0
2020-01-14T23:45,0.0
2020-01-15T00:00,0.0
2020-01-15T00:15,0.0
2020-01-15T00:30,0.0
2020-01-15T00:45,0.0
2020-01-15T01:00,0.0
2020-01-15T01:15,0.0
2020-01-15T01:30,0.0
2020-01-15T01:45,0.0
2020-01-15T02:00,0.0
2020-01-15T02:15,0.0
2020-01-15T02:30,0.0
2020-01-15T02:45,0.0
2020-01-15T03:00,0.0
2020-01-15T03:15,0.0
2020-01-15T03:30,0.0
2020-01-15T03:45,0.0
2020-01-15T04:00,0.0
2020-01-15T04:15,0.0
2020-01-15T04:30,0.0
2020-01-15T04:45,0.0
2020-01-15T05:00,0.0
2020-01-15T05:15,0.0
2020-01-15T05:30,0.0
2020-01-15T05:45,0.0
2020-01-15T06:00,0.0
2020-01-15T06:15,0.0
2020-01-15T06:30,0.0
2020-01-15T06:45,0.0
2020-01-15T07:00,0.035
2020-01-15T07:15,0.035
2020-01-15T07:30,0.035
2020-01-15T07:45,0.035
2020-01-15T08:00,0.849
2020-01-15T08:15,0.849
2020-01-15T08:30,0.849
2020-01-15T08:45,0.849
2020-01-15T09:00,2.186
2020-01-15T09:15,2.186
2020-01-15T09:30,2.186
2020-01-15T09:45,2.186
2020-01-15T10:00,2.757
2020-01-15T10:15,2.757
2020-01-15T10:30,2.757
2020-01-15T10:45,2.757
2020-01-15T11:00,2.608
2020-01-15T11:15,2.608
2020-01-15T11:30,2.608
2020-01-15T11:45,2.608
2020-01-15T12:00,2.184
2020-01-15T12:15,2.184
2020-01-15T12:30,2.184
2020-01-15T12:45,2.184
2020-01-15T13:00,1.539
2020-01-15T13:15,1.539
2020-01-15T13:30,1.539
2020-01-15T13:45,1.539
2020-01-15T14:00,0.438
2020-01-15T14:15,0.438
2020-01-15T14:30,0.438
2020-01-15T14:45,0.438
2020-01-15T15:00,0.0
2020-01-15T15:15,0.0
2020-01-15T15:30,0.0
2020-01-15T15:45,0.0
2020-01-15T16:00,0.0
2020-01-15T16:15,0.0
2020-01-15T16:30,0.0
2020-01-15T16:45,0.0
2020-01-15T17:00,0.0
2020-01-15T17:15,0.0
2020-01-15T17:30,0.0
2020-01-15T17:45,0.0
2020-01-15T18:00,0.0
2020-01-15T18:15,0.0
2020-01-15T18:30,0.0
2020-01-15T18:45,0.0
2020-01-15T19:00,0.0
2020-01-15T19:15,0.0
2020-01-15T19:30,0.0
2020-01-15T19:45,0.0
2020-01-15T20:00,0.0
2020-01-15T20:15,0.0
2020-01-15T20:30,0.0
2020-01-15T20:45,0.0
2020-01-15T21:00,0.0
2020-01-15T21:15,0.0
2020-01-15T21:30,0.0
2020-01-15T21:45,0.0
2020-01-15T22:00,0.0
2020-01-15T22:15,0.0
2020-01-15T22:30,0.0
2020-01-15T22:45,0.0
2020-01-15T23:00,0.0
2020-01-15T23:15,0.0
2020-01-15T23:30,0.0
2020-01-15T23:45,0.0
2020-01-16T00:00,0.0
2020-01-16T00:15,0.0
2020-01-16T00:30,0.0
2020-01-16T00:45,0.0
2020-01-16T01:00,0.0
2020-01-16T01:15,0.0
2020-01-16T01:30,0.0
2020-01-16T01:45,0.0
2020-01-16T02:00,0.0
2020-01-16T02:15,0.0
2020-01-16T02:30,0.0
2020-01-16T02:45,0.0
2020-01-16T03:00,0.0
2020-01-16T03:15,0.0
2020-01-16T03:30,0.0
2020-01-16T03:45,0.0
2020-01-16T04:00,0.0
2020-01-16T04:15,0.0
2020-01-16T04:30,0.0
2020-01-16T04:45,0.0
2020-01-16T05:00,0.0
2020-01-16T05:15,0.0
2020-01-16T05:30,0.0
2020-01-16T05:45,0.0
2020-01-16T06:00,0.0
2020-01-16T06:15,0.0
2020-01-16T06:30,0.0
2020-01-16T06:45,0.0
2020-01-16T07:00,0.192
2020-01-16T07:15,0.192
2020-01-16T07:30,0.192
2020-01-16T07:45,0.192
2020-01-16T08:00,0.636
2020-01-16T08:15,0.636
2020-01-16T08:30,0.636
2020-01-16T08:45,0.636
2020-01-16T09:00,1.838
2020-01-16T09:15,1.838
2020-01-16T09:30,1.838
2020-01-16T09:45,1.838
2020-01-16T10:00,2.947
2020-01-16T10:15,2.947
2020-01-16T10:30,2.947
2020-01-16T10:45,2.947
2020-01-16T11:00,2.993
2020-01-16T11:15,2.993
2020-01-16T11:30,2.993
2020-01-16T11:45,2.993
2020-01-16T12:00,2.596
2020-01-16T12:15,2.596
2020-01-16T12:30,2.596
2020-01-16T12:45,2.596
2020-01-16T13:00,1.752
2020-01-16T13:15,1.752
2020-01-16T13:30,1.752
2020-01-16T13:45,1.752
2020-01-16T14:00,0.525
2020-01-16T14:15,0.525
2020-01-16T14:30,0.525
2020-01-16T14:45,0.525
2020-01-16T15:00,0.0
2020-01-16T15:15,0.0
2020-01-16T15:30,0.0
2020-01-16T15:45,0.0
2020-01-16T16:00,0.0
2020-01-16T16:15,0.0
2020-01-16T16:30,0.0
2020-01-16T16:45,0.0
2020-01-16T17:00,0.0
2020-01-16T17:15,0.0
2020-01-16T17:30,0.0
2020-01-16T17:45,0.0
2020-01-16T18:00,0.0
2020-01-16T18:15,0.0
2020-01-16T18:30,0.0
2020-01-16T18:45,0.0
2020-01-16T19:00,0.0
2020-01-16T19:15,0.0
2020-01-16T19:30,0.0
2020-01-16T19:45,0.0
2020-01-16T20:00,0.0
2020-01-16T20:15,0.0
2020-01-16T20:30,0.0
2020-01-16T20:45,0.0
2020-01-16T21:00,0.0
2020-01-16T21:15,0.0
2020-01-16T21:30,0.0
2020-01-16T21:45,0.0
2020-01-16T22:00,0.0
2020-01-16T22:15,0.0
2020-01-16T22:30,0.0
2020-01-16T22:45,0.0
2020-01-16T23:00,0.0
2020-01-16T23:15,0.0
2020-01-16T23:30,0.0
2020-01-16T23:45,0.0
2020-01-17T00:00,0.0
2020-01-17T00:15,0.0
2020-01-17T00:30,0.0
2020-01-17T00:45,0.0
2020-01-17T01:00,0.0
2020-01-17T01:15,0.0
2020-01-17T01:30,0.0
2020-01-17T01:45,0.0
2020-01-17T02:00,0.0
2020-01-17T02:15,0.0
2020-01-17T02:30,0.0
2020-01-17T02:45,0.0
2020-01-17T03:00,0.0
2020-01-17T03:15,0.0
2020-01-17T03:30,0.0
2020-01-17T03:45,0.0
2020-01-17T04:00,0.0
2020-01-17T04:15,0.0
2020-01-17T04:30,0.0
2020-01-17T04:45,0.0
2020-01-17T05:00,0.0
2020-01-17T05:15,0.0
2020-01-17T05:30,0.0
2020-01-17T05:45,0.0
2020-01-17T06:00,0.0
2020-01-17T06:15,0.0
2020-01-17T06:30,0.0
2020-01-17T06:45,0.0
2020-01-17T07:00,0.026
2020-01-17T07:15,0.026
2020-01-17T07:30,0.026
2020-01-17T07:45,0.026
2020-01-17T08:00,0.187
2020-01-17T08:15,0.187
2020-01-17T08:30,0.187
2020-01-17T08:45,0.187
2020-01-17T09:00,0.465
2020-01-17T09:15,0.465
2020-01-17T09:30,0.465
2020-01-17T09:45,0.465
2020-01-17T10:00,1.573
2020-01-17T10:15,1.573
2020-01-17T10:30,1.573
2020-01-17T10:45,1.573
2020-01-17T11:00,2.694
2020-01-17T11:15,2.694
2020-01-17T11:30,2.694
2020-01-17T11:45,2.694
2020-01-17T12:00,2.423
2020-01-17T12:15,2.423
2020-01-17T12:30,2.423
2020-01-17T12:45,2.423
2020-01-17T13:00,1.571
2020-01-17T13:15,1.571
2020-01-17T13:30,1.571
2020-01-17T13:45,1.571
2020-01-17T14:00,0.436
2020-01-17T14:15,0.436
2020-01-17T14:30,0.436
2020-01-17T14:45,0.436
2020-01-17T15:00,0.0
2020-01-17T15:15,0.0
2020-01-17T15:30,0.0
2020-01-17T15:45,0.0
2020-01-17T16:00,0.0
2020-01-17T16:15,0.0
2020-01-17T16:30,0.0
2020-01-17T16:45,0.0
2020-01-17T17:00,0.0
2020-01-17T17:15,0.0
2020-01-17T17:30,0.0
2020-01-17T17:45,0.0
2020-01-17T18:00,0.0
2020-01-17T18:15,0.0
2020-01-17T18:30,0.0
2020-01-17T18:45,0.0
2020-01-17T19:00,0.0
2020-01-17T19:15,0.0
2020-01-17T19:30,0.0
2020-01-17T19:45,0.0
2020-01-17T20:00,0.0
2020-01-17T20:15,0.0
2020-01-17T20:30,0.0
2020-01-17T20:45,0.0
2020-01-17T21:00,0.0
2020-01-17T21:15,0.0
2020-01-17T21:30,0.0
2020-01-17T21:45,0.0
2020-01-17T22:00,0.0
2020-01-17T22:15,0.0
2020-01-17T22:30,0.0
2020-01-17T22:45,0.0
2020-01-17T23:00,0.0
2020-01-17T23:15,0.0
2020-01-17T23:30,0.0
2020-01-17T23:45,0.0
2020-01-18T00:00,0.0
2020-01-18T00:15,0.0
2020-01-18T00:30,0.0
2020-01-18T00:45,0.0
2020-01-18T01:00,0.0
2020-01-18T01:15,0.0
2020-01-18T01:30,0.0
2020-01-18T01:45,0.0
2020-01-18T02:00,0.0
2020-01-18T02:15,0.0
2020-01-18T02:30,0.0
2020-01-18T02:45,0.0
2020-01-18T03:00,0.0
2020-01-18T03:15,0.0
2020-01-18T03:30,0.0
2020-01-18T03:45,0.0
2020-01-18T04:00,0.0
2020-01-18T04:15,0.0
2020-01-18T04:30,0.0
2020-01-18T04:45,0.0
2020-01-18T05:00,0.0
2020-01-18T05:15,0.0
2020-01-18T05:30,0.0
2020-01-18T05:45,0.0
2020-01-18T06:00,0.0
2020-01-18T06:15,0.0
2020-01-18T06:30,0.0
2020-01-18T06:45,0.0
2020-01-18T07:00,0.056
2020-01-18T07:15,0.056
2020-01-18T07:30,0.056
2020-01-18T07:45,0.056
2020-01-18T08:00,0.576
2020-01-18T08:15,0.576
2020-01-18T08:30,0.576
2020-01-18T08:45,0.576
2020-01-18T09:00,1.32
2020-01-18T09:15,1.32
2020-01-18T09:30,1.32
2020-01-18T09:45,1.32
2020-01-18T10:00,1.277
2020-01-18T10:15,1.277
2020-01-18T10:30,1.277
2020-01-18T10:45,1.277
2020-01-18T11:00,1.029
2020-01-18T11:15,1.029
2020-01-18T11:30,1.029
2020-01-18T11:45,1.029
2020-01-18T12:00,0.587
2020-01-18T12:15,0.587
2020-01-18T12:30,0.587
2020-01-18T12:45,0.587
2020-01-18T13:00,0.306
2020-01-18T13:15,0.306
2020-01-18T13:30,0.306
2020-01-18T13:45,0.306
2020-01-18T14:00,0.071
2020-01-18T14:15,0.071
2020-01-18T14:30,0.071
2020-01-18T14:45,0.071
2020-01-18T15:00,0.0
2020-01-18T15:15,0.0
2020-01-18T15:30,0.0
2020-01-18T15:45,0.0
2020-01-18T16:00,0.0
2020-01-18T16:15,0.0
2020-01-18T16:30,0.0
2020-01-18T16:45,0.0
2020-01-18T17:00,0.0
2020-01-18T17:15,0.0
2020-01-18T17:30,0.0
2020-01-18T17:45,0.0
2020-01-18T18:00,0.0
2020-01-18T18:15,0.0
2020-01-18T18:30,0.0
2020-01-18T18:45,0.0
2020-01-18T19:00,0.0
2020-01-18T19:15,0.0
2020-01-18T19:30,0.0
2020-01-18T19:45,0.0
2020-01-18T20:00,0.0
2020-01-18T20:15,0.0
2020-01-18T20:30,0.0
2020-01-18T20:45,0.0
2020-01-18T21:00,0.0
2020-01-18T21:15,0.0
2020-01-18T21:30,0.0
2020-01-18T21:45,0.0
2020-01-18T22:00,0.0
2020-01-18T22:15,0.0
2020-01-18T22:30,0.0
2020-01-18T22:45,0.0
2020-01-18T23:00,0.0
2020-01-18T23:15,0.0
2020-01-18T23:30,0.0
2020-01-18T23:45,0.0
2020-01-19T00:00,0.0
2020-01-19T00:15,0.0
2020-01-19T00:30,0.0
2020-01-19T00:45,0.0
2020-01-19T01:00,0.0
2020-01-19T01:15,0.0
2020-01-19T01:30,0.0
2020-01-19T01:45,0.0
2020-01-19T02:00,0.0
2020-01-19T02:15,0.0
2020-01-19T02:30,0.0
2020-01-19T02:45,0.0
2020-01-19T03:00,0.0
2020-01-19T03:15,0.0
2020-01-19T03:30,0.0
2020-01-19T03:45,0.0
2020-01-19T04:00,0.0
2020-01-19T04:15,0.0
2020-01-19T04:30,0.0
2020-01-19T04:45,0.0
2020-01-19T05:00,0.0
2020-01-19T05:15,0.0
2020-01-19T05:30,0.0
2020-01-19T05:45,0.0
2020-01-19T06:00,0.0
2020-01-19T06:15,0.0
2020-01-19T06:30,0.0
2020-01-19T06:45,0.0
2020-01-19T07:00,0.007
2020-01-19T07:15,0.007
2020-01-19T07:30,0.007
2020-01-19T07:45,0.007
2020-01-19T08:00,0.142
2020-01-19T08:15,0.142
2020-01-19T08:30,0.142
2020-01-19T08:45,0.142
2020-01-19T09:00,0.3
2020-01-19T09:15,0.3
2020-01-19T09:30,0.3
2020-01-19T09:45,0.3
2020-01-19T10:00,0.401
2020-01-19T10:15,0.401
2020-01-19T10:30,0.401
2020-01-19T10:45,0.401
2020-01-19T11:00,0.379
2020-01-19T11:15,0.379
2020-01-19T11:30,0.379
2020-01-19T11:45,0.379
2020-01-19T12:00,0.281
2020-01-19T12:15,0.281
2020-01-19T12:30,0.281
2020-01-19T12:45,0.281
2020-01-19T13:00,0.188
2020-01-19T13:15,0.188
2020-01-19T13:30,0.188
2020-01-19T13:45,0.188
2020-01-19T14:00,0.048
2020-01-19T14:15,0.048
2020-01-19T14:30,0.048
2020-01-19T14:45,0.048
2020-01-19T15:00,0.0
2020-01-19T15:15,0.0
2020-01-19T15:30,0.0
2020-01-19T15:45,0.0
2020-01-19T16:00,0.0
2020-01-19T16:15,0.0
2020-01-19T16:30,0.0
2020-01-19T16:45,0.0
2020-01-19T17:00,0.0
2020-01-19T17:15,0.0
2020-01-19T17:30,0.0
2020-01-19T17:45,0.0
2020-01-19T18:00,0.0
2020-01-19T18:15,0.0
2020-01-19T18:30,0.0
2020-01-19T18:45,0.0
2020-01-19T19:00,0.0
2020-01-19T19:15,0.0
2020-01-19T19:30,0.0
2020-01-19T19:45,0.0
2020-01-19T20:00,0.0
2020-01-19T20:15,0.0
2020-01-19T20:30,0.0
2020-01-19T20:45,0.0
2020-01-19T21:00,0.0
2020-01-19T21:15,0.0
2020-01-19T21:30,0.0
2020-01-19T21:45,0.0
2020-01-19T22:00,0.0
2020-01-19T22:15,0.0
2020-01-19T22:30,0.0
2020-01-19T22:45,0.0
2020-01-19T23:00,0.0
2020-01-19T23:15,0.0
2020-01-19T23:30,0.0
2020-01-19T23:45,0.0
2020-01-20T00:00,0.0
2020-01-20T00:15,0.0
2020-01-20T00:30,0.0
2020-01-20T00:45,0.0
2020-01-20T01:00,0.0
2020-01-20T01:15,0.0
2020-01-20T01:30,0.0
2020-01-20T01:45,0.0
2020-01-20T02:00,0.0
2020-01-20T02:15,0.0
2020-01-20T02:30,0.0
2020-01-20T02:45,0.0
2020-01-20T03:00,0.0
2020-01-20T03:15,0.0
2020-01-20T03:30,0.0
2020-01-20T03:45,0.0
2020-01-20T04:00,0.0
2020-01-20T04:15,0.0
2020-01-20T04:30,0.0
2020-01-20T04:45,0.0
2020-01-20T05:00,0.0
2020-01-20T05:15,0.0
2020-01-20T05:30,0.0
2020-01-20T05:45,0.0
2020-01-20T06:00,0.0
2020-01-20T06:15,0.0
2020-01-20T06:30,0.0
2020-01-20T06:45,0.0
2020-01-20T07:00,0.046
2020-01-20T07:15,0.046
2020-01-20T07:30,0.046
2020-01-20T07:45,0.046
2020-01-20T08:00,0.287
2020-01-20T08:15,0.287
2020-01-20T08:30,0.287
2020-01-20T08:45,0.287
2020-01-20T09:00,0.662
2020-01-20T09:15,0.662
2020-01-20T09:30,0.662
2020-01-20T09:45,0.662
2020-01-20T10:00,0.884
2020-01-20T10:15,0.884
2020-01-20T10:30,0.884
2020-01-20T10:45,0.884
2020-01-20T11:00,0.911
2020-01-20T11:15,0.911
2020-01-20T11:30,0.911
2020-01-20T11:45,0.911
2020-01-20T12:00,0.729
2020-01-20T12:15,0.729
2020-01-20T12:30,0.729
2020-01-20T12:45,0.729
2020-01-20T13:00,0.389
2020-01-20T13:15,0.389
2020-01-20T13:30,0.389
2020-01-20T13:45,0.389
2020-01-20T14:00,0.076
2020-01-20T14:15,0.076
2020-01-20T14:30,0.076
2020-01-20T14:45,0.076
2020-01-20T15:00,0.0
2020-01-20T15:15,0.0
2020-01-20T15:30,0.0
2020-01-20T15:45,0.0
2020-01-20T16:00,0.0
2020-01-20T16:15,0.0
2020-01-20T16:30,0.0
2020-01-20T16:45,0.0
2020-01-20T17:00,0.0
2020-01-20T17:15,0.0
2020-01-20T17:30,0.0
2020-01-20T17:45,0.0
2020-01-20T18:00,0.0
2020-01-20T18:15,0.0
2020-01-20T18:30,0.0
2020-01-20T18:45,0.0
2020-01-20T19:00,0.0
2020-01-20T19:15,0.0
2020-01-20T19:30,0.0
2020-01-20T19:45,0.0
2020-01-20T20:00,0.0
2020-01-20T20:15,0.0
2020-01-20T20:30,0.0
2020-01-20T20:45,0.0
2020-01-20T21:00,0.0
2020-01-20T21:15,0.0
2020-01-20T21:30,0.0
2020-01-20T21:45,0.0
2020-01-20T22:00,0.0
2020-01-20T22:15,0.0
2020-01-20T22:30,0.0
2020-01-20T22:45,0.0
2020-01-20T23:00,0.0
2020-01-20T23:15,0.0
2020-01-20T23:30,0.0
2020-01-20T23:45,0.0
2020-01-21T00:00,0.0
2020-01-21T00:15,0.0
2020-01-21T00:30,0.0
2020-01-21T00:45,0.0
2020-01-21T01:00,0.0
2020-01-21T01:15,0.0
2020-01-21T01:30,0.0
2020-01-21T01:45,0.0
2020-01-21T02:00,0.0
2020-01-21T02:15,0.0
2020-01-21T02:30,0.0
2020-01-21T02:45,0.0
2020-01-21T03:00,0.0
2020-01-21T03:15,0.0
2020-01-21T03:30,0.0
2020-01-21T03:45,0.0
2020-01-21T04:00,0.0
2020-01-21T04:15,0.0
2020-01-21T04:30,0.0
2020-01-21T04:45,0.0
2020-01-21T05:00,0.0
2020-01-21T05:15,0.0
2020-01-21T05:30,0.0
2020-01-21T05:45,0.0
2020-01-21T06:00,0.0
2020-01-21T06:15,0.0
2020-01-21T06:30,0.0
2020-01-21T06:45,0.0
2020-01-21T07:00,0.124
2020-01-21T07:15,0.124
2020-01-21T07:30,0.124
2020-01-21T07:45,0.124
2020-01-21T08:00,0.812
2020-01-21T08:15,0.812
2020-01-21T08:30,0.812
2020-01-21T08:45,0.812
2020-01-21T09:00,1.561
2020-01-21T09:15,1.561
2020-01-21T09:30,1.561
2020-01-21T09:45,1.561
2020-01-21T10:00,2.941
2020-01-21T10:15,2.941
2020-01-21T10:30,2.941
2020-01-21T10:45,2.941
2020-01-21T11:00,3.041
2020-01-21T11:15,3.041
2020-01-21T11:30,3.041
2020-01-21T11:45,3.041
2020-01-21T12:00,2.673
2020-01-21T12:15,2.673
2020-01-21T12:30,2.673
2020-01-21T12:45,2.673
2020-01-21T13:00,1.863
2020-01-21T13:15,1.863
2020-01-21T13:30,1.863
2020-01-21T13:45,1.863
2020-01-21T14:00,0.603
2020-01-21T14:15,0.603
2020-01-21T14:30,0.603
2020-01-21T14:45,0.603
2020-01-21T15:00,0.0
2020-01-21T15:15,0.0
2020-01-21T15:30,0.0
2020-01-21T15:45,0.0
2020-01-21T16:00,0.0
2020-01-21T16:15,0.0
2020-01-21T16:30,0.0
2020-01-21T16:45,0.0
2020-01-21T17:00,0.0
2020-01-21T17:15,0.0
2020-01-21T17:30,0.0
2020-01-21T17:45,0.0
2020-01-21T18:00,0.0
2020-01-21T18:15,0.0
2020-01-21T18:30,0.0
2020-01-21T18:45,0.0
2020-01-21T19:00,0.0
2020-01-21T19:15,0.0
2020-01-21T19:30,0.0
2020-01-21T19:45,0.0
2020-01-21T20:00,0.0
2020-01-21T20:15,0.0
2020-01-21T20:30,0.0
2020-01-21T20:45,0.0
2020-01-21T21:00,0.0
2020-01-21T21:15,0.0
2020-01-21T21:30,0.0
2020-01-21T21:45,0.0
2020-01-21T22:00,0.0
2020-01-21T22:15,0.0
2020-01-21T22:30,0.0
2020-01-21T22:45,0.0
2020-01-21T23:00,0.0
2020-01-21T23:15,0.0
2020-01-21T23:30,0.0
2020-01-21T23:45,0.0
2020-01-22T00:00,0.0
2020-01-22T00:15,0.0
2020-01-22T00:30,0.0
2020-01-22T00:45,0.0
2020-01-22T01:00,0.0
2020-01-22T01:15,0.0
2020-01-22T01:30,0.0
2020-01-22T01:45,0.0
2020-01-22T02:00,0.0
2020-01-22T02:15,0.0
2020-01-22T02:30,0.0
2020-01-22T02:45,0.0
2020-01-22T03:00,0.0
2020-01-22T03:15,0.0
2020-01-22T03:30,0.0
2020-01-22T03:45,0.0
2020-01-22T04:00,0.0
2020-01-22T04:15,0.0
2020-01-22T04:30,0.0
2020-01-22T04:45,0.0
2020-01-22T05:00,0.0
2020-01-22T05:15,0.0
2020-01-22T05:30,0.0
2020-01-22T05:45,0.0
2020-01-22T06:00,0.0
2020-01-22T06:15,0.0
2020-01-22T06:30,0.0
2020-01-22T06:45,0.0
2020-01-22T07:00,0.0
2020-01-22T07:15,0.0
2020-01-22T07:30,0.0
2020-01-22T07:45,0.0
2020-01-22T08:00,0.035
2020-01-22T08:15,0.035
2020-01-22T08:30,0.035
2020-01-22T08:45,0.035
2020-01-22T09:00,0.083
2020-01-22T09:15,0.083
2020-01-22T09:30,0.083
2020-01-22T09:45,0.083
2020-01-22T10:00,0.195
2020-01-22T10:15,0.195
2020-01-22T10:30,0.195
2020-01-22T10:45,0.195
2020-01-22T11:00,0.324
2020-01-22T11:15,0.324
2020-01-22T11:30,0.324
2020-01-22T11:45,0.324
2020-01-22T12:00,0.301
2020-01-22T12:15,0.301
2020-01-22T12:30,0.301
2020-01-22T12:45,0.301
2020-01-22T13:00,0.245
2020-01-22T13:15,0.245
2020-01-22T13:30,0.245
2020-01-22T13:45,0.245
2020-01-22T14:00,0.06
2020-01-22T14:15,0.06
2020-01-22T14:30,0.06
2020-01-22T14:45,0.06
2020-01-22T15:00,0.0
2020-01-22T15:15,0.0
2020-01-22T15:30,0.0
2020-01-22T15:45,0.0
2020-01-22T16:00,0.0
2020-01-22T16:15,0.0
2020-01-22T16:30,0.0
2020-01-22T16:45,0.0
2020-01-22T17:00,0.0
2020-01-22T17:15,0.0
2020-01-22T17:30,0.0
2020-01-22T17:45,0.0
2020-01-22T18:00,0.0
2020-01-22T18:15,0.0
2020-01-22T18:30,0.0
2020-01-22T18:45,0.0
2020-01-22T19:00,0.0
2020-01-22T19:15,0.0
2020-01-22T19:30,0.0
2020-01-22T19:45,0.0
2020-01-22T20:00,0.0
2020-01-22T20:15,0.0
2020-01-22T20:30,0.0
2020-01-22T20:45,0.0
2020-01-22T21:00,0.0
2020-01-22T21:15,0.0
2020-01-22T21:30,0.0
2020-01-22T21:45,0.0
2020-01-22T22:00,0.0
2020-01-22T22:15,0.0
2020-01-22T22:30,0.0
2020-01-22T22:45,0.0
2020-01-22T23:00,0.0
2020-01-22T23:15,0.0
2020-01-22T23:30,0.0
2020-01-22T23:45,0.0
2020-01-23T00:00,0.0
2020-01-23T00:15,0.0
2020-01-23T00:30,0.0
2020-01-23T00:45,0.0
2020-01-23T01:00,0.0
2020-01-23T01:15,0.0
2020-01-23T01:30,0.0
2020-01-23T01:45,0.0
2020-01-23T02:00,0.0
2020-01-23T02:15,0.0
2020-01-23T02:30,0.0
2020-01-23T02:45,0.0
2020-01-23T03:00,0.0
2020-01-23T03:15,0.0
2020-01-23T03:30,0.0
2020-01-23T03:45,0.0
2020-01-23T04:00,0.0
2020-01-23T04:15,0.0
2020-01-23T04:30,0.0
2020-01-23T04:45,0.0
2020-01-23T05:00,0.0
2020-01-23T05:15,0.0
2020-01-23T05:30,0.0
2020-01-23T05:45,0.0
2020-01-23T06:00,0.0
2020-01-23T06:15,0.0
2020-01-23T06:30,0.0
2020-01-23T06:45,0.0
2020-01-23T07:00,0.016
2020-01-23T07:15,0.016
2020-01-23T07:30,0.016
2020-01-23T07:45,0.016
2020-01-23T08:00,0.137
2020-01-23T08:15,0.137
2020-01-23T08:30,0.137
2020-01-23T08:45,0.137
2020-01-23T09:00,0.337
2020-01-23T09:15,0.337
2020-01-23T09:30,0.337
2020-01-23T09:45,0.337
2020-01-23T10:00,0.439
2020-01-23T10:15,0.439
2020-01-23T10:30,0.439
2020-01-23T10:45,0.439
2020-01-23T11:00,0.722
2020-01-23T11:15,0.722
2020-01-23T11:30,0.722
2020-01-23T11:45,0.722
2020-01-23T12:00,0.615
2020-01-23T12:15,0.615
2020-01-23T12:30,0.615
2020-01-23T12:45,0.615
2020-01-23T13:00,0.387
2020-01-23T13:15,0.387
2020-01-23T13:30,0.387
2020-01-23T13:45,0.387
2020-01-23T14:00,0.135
2020-01-23T14:15,0.135
2020-01-23T14:30,0.135
2020-01-23T14:45,0.135
2020-01-23T15:00,0.0
2020-01-23T15:15,0.0
2020-01-23T15:30,0.0
2020-01-23T15:45,0.0
2020-01-23T16:00,0.0
2020-01-23T16:15,0.0
2020-01-23T16:30,0.0
2020-01-23T16:45,0.0
2020-01-23T17:00,0.0
2020-01-23T17:15,0.0
2020-01-23T17:30,0.0
2020-01-23T17:45,0.0
2020-01-23T18:00,0.0
2020-01-23T18:15,0.0
2020-01-23T18:30,0.0
2020-01-23T18:45,0.0
2020-01-23T19:00,0.0
2020-01-23T19:15,0.0
2020-01-23T19:30,0.0
2020-01-23T19:45,0.0
2020-01-23T20:00,0.0
2020-01-23T20:15,0.0
2020-01-23T20:30,0.0
2020-01-23T20:45,0.0
2020-01-23T21:00,0.0
2020-01-23T21:15,0.0
2020-01-23T21:30,0.0
2020-01-23T21:45,0.0
2020-01-23T22:00,0.0
2020-01-23T22:15,0.0
2020-01-23T22:30,0.0
2020-01-23T22:45,0.0
2020-01-23T23:00,0.0
2020-01-23T23:15,0.0
2020-01-23T23:30,0.0
2020-01-23T23:45,0.0
2020-01-24T00:00,0.0
2020-01-24T00:15,0.0
2020-01-24T00:30,0.0
2020-01-24T00:45,0.0
2020-01-24T01:00,0.0
2020-01-24T01:15,0.0
2020-01-24T01:30,0.0
2020-01-24T01:45,0.0
2020-01-24T02:00,0.0
2020-01-24T02:15,0.0
2020-01-24T02:30,0.0
2020-01-24T02:45,0.0
2020-01-24T03:00,0.0
2020-01-24T03:15,0.0
2020-01-24T03:30,0.0
2020-01-24T03:45,0.0
2020-01-24T04:00,0.0
2020-01-24T04:15,0.0
2020-01-24T04:30,0.0
2020-01-24T04:45,0.0
2020-01-24T05:00,0.0
2020-01-24T05:15,0.0
2020-01-24T05:30,0.0
2020-01-24T05:45,0.0
2020-01-24T06:00,0.0
2020-01-24T06:15,0.0
2020-01-24T06:30,0.0
2020-01-24T06:45,0.0
2020-01-24T07:00,0.16
2020-01-24T07:15,0.16
2020-01-24T07:30,0.16
2020-01-24T07:45,0.16
2020-01-24T08:00,0.652
2020-01-24T08:15,0.652
2020-01-24T08:30,0.652
2020-01-24T08:45,0.652
2020-01-24T09:00,1.881
2020-01-24T09:15,1.881
2020-01-24T09:30,1.881
2020-01-24T09:45,1.881
2020-01-24T10:00,2.877
2020-01-24T10:15,2.877
2020-01-24T10:30,2.877
2020-01-24T10:45,2.877
2020-01-24T11:00,3.07
2020-01-24T11:15,3.07
2020-01-24T11:30,3.07
2020-01-24T11:45,3.07
2020-01-24T12:00,2.548
2020-01-24T12:15,2.548
2020-01-24T12:30,2.548
2020-01-24T12:45,2.548
2020-01-24T13:00,1.759
2020-01-24T13:15,1.759
2020-01-24T13:30,1.759
2020-01-24T13:45,1.759
2020-01-24T14:00,0.628
2020-01-24T14:15,0.628
2020-01-24T14:30,0.628
2020-01-24T14:45,0.628
2020-01-24T15:00,0.0
2020-01-24T15:15,0.0
2020-01-24T15:30,0.0
2020-01-24T15:45,0.0
2020-01-24T16:00,0.0
2020-01-24T16:15,0.0
2020-01-24T16:30,0.0
2020-01-24T16:45,0.0
2020-01-24T17:00,0.0
2020-01-24T17:15,0.0
2020-01-24T17:30,0.0
2020-01-24T17:45,0.0
2020-01-24T18:00,0.0
2020-01-24T18:15,0.0
2020-01-24T18:30,0.0
2020-01-24T18:45,0.0
2020-01-24T19:00,0.0
2020-01-24T19:15,0.0
2020-01-24T19:30,0.0
2020-01-24T19:45,0.0
2020-01-24T20:00,0.0
2020-01-24T20:15,0.0
2020-01-24T20:30,0.0
2020-01-24T20:45,0.0
2020-01-24T21:00,0.0
2020-01-24T21:15,0.0
2020-01-24T21:30,0.0
2020-01-24T21:45,0.0
2020-01-24T22:00,0.0
2020-01-24T22:15,0.0
2020-01-24T22:30,0.0
2020-01-24T22:45,0.0
2020-01-24T23:00,0.0
2020-01-24T23:15,0.0
2020-01-24T23:30,0.0
2020-01-24T23:45,0.0
2020-01-25T00:00,0.0
2020-01-25T00:15,0.0
2020-01-25T00:30,0.0
2020-01-25T00:45,0.0
2020-01-25T01:00,0.0
2020-01-25T01:15,0.0
2020-01-25T01:30,0.0
2020-01-25T01:45,0.0
2020-01-25T02:00,0.0
2020-01-25T02:15,0.0
2020-01-25T02:30,0.0
2020-01-25T02:45,0.0
2020-01-25T03:00,0.0
2020-01-25T03:15,0.0
2020-01-25T03:30,0.0
2020-01-25T03:45,0.0
2020-01-25T04:00,0.0
2020-01-25T04:15,0.0
2020-01-25T04:30,0.0
2020-01-25T04:45,0.0
2020-01-25T05:00,0.0
2020-01-25T05:15,0.0
2020-01-25T05:30,0.0
2020-01-25T05:45,0.0
2020-01-25T06:00,0.0
2020-01-25T06:15,0.0
2020-01-25T06:30,0.0
2020-01-25T06:45,0.0
2020-01-25T07:00,0.025
2020-01-25T07:15,0.025
2020-01-25T07:30,0.025
2020-01-25T07:45,0.025
2020-01-25T08:00,0.145
2020-01-25T08:15,0.145
2020-01-25T08:30,0.145
2020-01-25T08:45,0.145
2020-01-25T09:00,0.29
2020-01-25T09:15,0.29
2020-01-25T09:30,0.29
2020-01-25T09:45,0.29
2020-01-25T10:00,0.42
2020-01-25T10:15,0.42
2020-01-25T10:30,0.42
2020-01-25T10:45,0.42
2020-01-25T11:00,0.481
2020-01-25T11:15,0.481
2020-01-25T11:30,0.481
2020-01-25T11:45,0.481
2020-01-25T12:00,0.47
2020-01-25T12:15,0.47
2020-01-25T12:30,0.47
2020-01-25T12:45,0.47
2020-01-25T13:00,0.35
2020-01-25T13:15,0.35
2020-01-25T13:30,0.35
2020-01-25T13:45,0.35
2020-01-25T14:00,0.132
2020-01-25T14:15,0.132
2020-01-25T14:30,0.132
2020-01-25T14:45,0.132
2020-01-25T15:00,0.0
2020-01-25T15:15,0.0
2020-01-25T15:30,0.0
2020-01-25T15:45,0.0
2020-01-25T16:00,0.0
2020-01-25T16:15,0.0
2020-01-25T16:30,0.0
2020-01-25T16:45,0.0
2020-01-25T17:00,0.0
2020-01-25T17:15,0.0
2020-01-25T17:30,0.0
2020-01-25T17:45,0.0
2020-01-25T18:00,0.0
2020-01-25T18:15,0.0
2020-01-25T18:30,0.0
2020-01-25T18:45,0.0
2020-01-25T19:00,0.0
2020-01-25T19:15,0.0
2020-01-25T19:30,0.0
2020-01-25T19:45,0.0
2020-01-25T20:00,0.0
2020-01-25T20:15,0.0
2020-01-25T20:30,0.0
2020-01-25T20:45,0.0
2020-01-25T21:00,0.0
2020-01-25T21:15,0.0
2020-01-25T21:30,0.0
2020-01-25T21:45,0.0
2020-01-25T22:00,0.0
2020-01-25T22:15,0.0
2020-01-25T22:30,0.0
2020-01-25T22:45,0.0
2020-01-25T23:00,0.0
2020-01-25T23:15,0.0
2020-01-25T23:30,0.0
2020-01-25T23:45,0.0
2020-01-26T00:00,0.0
2020-01-26T00:15,0.0
2020-01-26T00:30,0.0
2020-01-26T00:45,0.0
2020-01-26T01:00,0.0
2020-01-26T01:15,0.0
2020-01-26T01:30,0.0
2020-01-26T01:45,0.0
2020-01-26T02:00,0.0
2020-01-26T02:15,0.0
2020-01-26T02:30,0.0
2020-01-26T02:45,0.0
2020-01-26T03:00,0.0
2020-01-26T03:15,0.0
2020-01-26T03:30,0.0
2020-01-26T03:45,0.0
2020-01-26T04:00,0.0
2020-01-26T04:15,0.0
2020-01-26T04:30,0.0
2020-01-26T04:45,0.0
2020-01-26T05:00,0.0
2020-01-26T05:15,0.0
2020-01-26T05:30,0.0
2020-01-26T05:45,0.0
2020-01-26T06:00,0.0
2020-01-26T06:15,0.0
2020-01-26T06:30,0.0
2020-01-26T06:45,0.0
2020-01-26T07:00,0.08
2020-01-26T07:15,0.08
2020-01-26T07:30,0.08
2020-01-26T07:45,0.08
2020-01-26T08:00,0.338
2020-01-26T08:15,0.338
2020-01-26T08:30,0.338
2020-01-26T08:45,0.338
2020-01-26T09:00,0.583
2020-01-26T09:15,0.583
2020-01-26T09:30,0.583
2020-01-26T09:45,0.583
2020-01-26T10:00,0.656
2020-01-26T10:15,0.656
2020-01-26T10:30,0.656
2020-01-26T10:45,0.656
2020-01-26T11:00,0.613
2020-01-26T11:15,0.613
2020-01-26T11:30,0.613
2020-01-26T11:45,0.613
2020-01-26T12:00,0.472
2020-01-26T12:15,0.472
2020-01-26T12:30,0.472
2020-01-26T12:45,0.472
2020-01-26T13:00,0.259
2020-01-26T13:15,0.259
2020-01-26T13:30,0.259
2020-01-26T13:45,0.259
2020-01-26T14:00,0.065
2020-01-26T14:15,0.065
2020-01-26T14:30,0.065
2020-01-26T14:45,0.065
2020-01-26T15:00,0.0
2020-01-26T15:15,0.0
2020-01-26T15:30,0.0
2020-01-26T15:45,0.0
2020-01-26T16:00,0.0
2020-01-26T16:15,0.0
2020-01-26T16:30,0.0
2020-01-26T16:45,0.0
2020-01-26T17:00,0.0
2020-01-26T17:15,0.0
2020-01-26T17:30,0.0
2020-01-26T17:45,0.0
2020-01-26T18:00,0.0
2020-01-26T18:15,0.0
2020-01-26T18:30,0.0
2020-01-26T18:45,0.0
2020-01-26T19:00,0.0
2020-01-26T19:15,0.0
2020-01-26T19:30,0.0
2020-01-26T19:45,0.0
2020-01-26T20:00,0.0
2020-01-26T20:15,0.0
2020-01-26T20:30,0.0
2020-01-26T20:45,0.0
2020-01-26T21:00,0.0
2020-01-26T21:15,0.0
2020-01-26T21:30,0.0
2020-01-26T21:45,0.0
2020-01-26T22:00,0.0
2020-01-26T22:15,0.0
2020-01-26T22:30,0.0
2020-01-26T22:45,0.0
2020-01-26T23:00,0.0
2020-01-26T23:15,0.0
2020-01-26T23:30,0.0
2020-01-26T23:45,0.0
2020-01-27T00:00,0.0
2020-01-27T00:15,0.0
2020-01-27T00:30,0.0
2020-01-27T00:45,0.0
2020-01-27T01:00,0.0
2020-01-27T01:15,0.0
2020-01-27T01:30,0.0
2020-01-27T01:45,0.0
2020-01-27T02:00,0.0
2020-01-27T02:15,0.0
2020-01-27T02:30,0.0
2020-01-27T02:45,0.0
2020-01-27T03:00,0.0
2020-01-27T03:15,0.0
2020-01-27T03:30,0.0
2020-01-27T03:45,0.0
2020-01-27T04:00,0.0
2020-01-27T04:15,0.0
2020-01-27T04:30,0.0
2020-01-27T04:45,0.0
2020-01-27T05:00,0.0
2020-01-27T05:15,0.0
2020-01-27T05:30,0.0
2020-01-27T05:45,0.0
2020-01-27T06:00,0.0
2020-01-27T06:15,0.0
2020-01-27T06:30,0.0
2020-01-27T06:45,0.0
2020-01-27T07:00,0.013
2020-01-27T07:15,0.013
2020-01-27T07:30,0.013
2020-01-27T07:45,0.013
2020-01-27T08:00,0.141
2020-01-27T08:15,0.141
2020-01-27T08:30,0.141
2020-01-27T08:45,0.141
2020-01-27T09:00,0.465
2020-01-27T09:15,0.465
2020-01-27T09:30,0.465
2020-01-27T09:45,0.465
2020-01-27T10:00,0.72
2020-01-27T10:15,0.72
2020-01-27T10:30,0.72
2020-01-27T10:45,0.72
2020-01-27T11:00,0.946
2020-01-27T11:15,0.946
2020-01-27T11:30,0.946
2020-01-27T11:45,0.946
2020-01-27T12:00,1.094
2020-01-27T12:15,1.094
2020-01-27T12:30,1.094
2020-01-27T12:45,1.094
2020-01-27T13:00,0.822
2020-01-27T13:15,0.822
2020-01-27T13:30,0.822
2020-01-27T13:45,0.822
2020-01-27T14:00,0.291
2020-01-27T14:15,0.291
2020-01-27T14:30,0.291
2020-01-27T14:45,0.291
2020-01-27T15:00,0.0
2020-01-27T15:15,0.0
2020-01-27T15:30,0.0
2020-01-27T15:45,0.0
2020-01-27T16:00,0.0
2020-01-27T16:15,0.0
2020-01-27T16:30,0.0
2020-01-27T16:45,0.0
2020-01-27T17:00,0.0
2020-01-27T17:15,0.0
2020-01-27T17:30,0.0
2020-01-27T17:45,0.0
2020-01-27T18:00,0.0
2020-01-27T18:15,0.0
2020-01-27T18:30,0.0
2020-01-27T18:45,0.0
2020-01-27T19:00,0.0
2020-01-27T19:15,0.0
2020-01-27T19:30,0.0
2020-01-27T19:45,0.0
2020-01-27T20:00,0.0
2020-01-27T20:15,0.0
2020-01-27T20:30,0.0
2020-01-27T20:45,0.0
2020-01-27T21:00,0.0
2020-01-27T21:15,0.0
2020-01-27T21:30,0.0
2020-01-27T21:45,0.0
2020-01-27T22:00,0.0
2020-01-27T22:15,0.0
2020-01-27T22:30,0.0
2020-01-27T22:45,0.0
2020-01-27T23:00,0.0
2020-01-27T23:15,0.0
2020-01-27T23:30,0.0
2020-01-27T23:45,0.0
2020-01-28T00:00,0.0
2020-01-28T00:15,0.0
2020-01-28T00:30,0.0
2020-01-28T00:45,0.0
2020-01-28T01:00,0.0
2020-01-28T01:15,0.0
2020-01-28T01:30,0.0
2020-01-28T01:45,0.0
2020-01-28T02:00,0.0
2020-01-28T02:15,0.0
2020-01-28T02:30,0.0
2020-01-28T02:45,0.0
2020-01-28T03:00,0.0
2020-01-28T03:15,0.0
2020-01-28T03:30,0.0
2020-01-28T03:45,0.0
2020-01-28T04:00,0.0
2020-01-28T04:15,0.0
2020-01-28T04:30,0.0
2020-01-28T04:45,0.0
2020-01-28T05:00,0.0
2020-01-28T05:15,0.0
2020-01-28T05:30,0.0
2020-01-28T05:45,0.0
2020-01-28T06:00,0.0
2020-01-28T06:15,0.0
2020-01-28T06:30,0.0
2020-01-28T06:45,0.0
2020-01-28T07:00,0.086
2020-01-28T07:15,0.086
2020-01-28T07:30,0.086
2020-01-28T07:45,0.086
2020-01-28T08:00,0.489
2020-01-28T08:15,0.489
2020-01-28T08:30,0.489
2020-01-28T08:45,0.489
2020-01-28T09:00,1.991
2020-01-28T09:15,1.991
2020-01-28T09:30,1.991
2020-01-28T09:45,1.991
2020-01-28T10:00,2.76
2020-01-28T10:15,2.76
2020-01-28T10:30,2.76
2020-01-28T10:45,2.76
2020-01-28T11:00,2.815
2020-01-28T11:15,2.815
2020-01-28T11:30,2.815
2020-01-28T11:45,2.815
2020-01-28T12:00,1.924
2020-01-28T12:15,1.924
2020-01-28T12:30,1.924
2020-01-28T12:45,1.924
2020-01-28T13:00,0.417
2020-01-28T13:15,0.417
2020-01-28T13:30,0.417
2020-01-28T13:45,0.417
2020-01-28T14:00,0.028
2020-01-28T14:15,0.028
2020-01-28T14:30,0.028
2020-01-28T14:45,0.028
2020-01-28T15:00,0.0
2020-01-28T15:15,0.0
2020-01-28T15:30,0.0
2020-01-28T15:45,0.0
2020-01-28T16:00,0.0
2020-01-28T16:15,0.0
2020-01-28T16:30,0.0
2020-01-28T16:45,0.0
2020-01-28T17:00,0.0
2020-01-28T17:15,0.0
2020-01-28T17:30,0.0
2020-01-28T17:45,0.0
2020-01-28T18:00,0.0
2020-01-28T18:15,0.0
2020-01-28T18:30,0.0
2020-01-28T18:45,0.0
2020-01-28T19:00,0.0
2020-01-28T19:15,0.0
2020-01-28T19:30,0.0
2020-01-28T19:45,0.0
2020-01-28T20:00,0.0
2020-01-28T20:15,0.0
2020-01-28T20:30,0.0
2020-01-28T20:45,0.0
2020-01-28T21:00,0.0
2020-01-28T21:15,0.0
2020-01-28T21:30,0.0
2020-01-28T21:45,0.0
2020-01-28T22:00,0.0
2020-01-28T22:15,0.0
2020-01-28T22:30,0.0
2020-01-28T22:45,0.0
2020-01-28T23:00,0.0
2020-01-28T23:15,0.0
2020-01-28T23:30,0.0
2020-01-28T23:45,0.0
2020-01-29T00:00,0.0
2020-01-29T00:15,0.0
2020-01-29T00:30,0.0
2020-01-29T00:45,0.0
2020-01-29T01:00,0.0
2020-01-29T01:15,0.0
2020-01-29T01:30,0.0
2020-01-29T01:45,0.0
2020-01-29T02:00,0.0
2020-01-29T02:15,0.0
2020-01-29T02:30,0.0
2020-01-29T02:45,0.0
2020-01-29T03:00,0.0
2020-01-29T03:15,0.0
2020-01-29T03:30,0.0
2020-01-29T03:45,0.0
2020-01-29T04:00,0.0
2020-01-29T04:15,0.0
2020-01-29T04:30,0.0
2020-01-29T04:45,0.0
2020-01-29T05:00,0.0
2020-01-29T05:15,0.0
2020-01-29T05:30,0.0
2020-01-29T05:45,0.0
2020-01-29T06:00,0.0
2020-01-29T06:15,0.0
2020-01-29T06:30,0.0
2020-01-29T06:45,0.0
2020-01-29T07:00,0.048
2020-01-29T07:15,0.048
2020-01-29T07:30,0.048
2020-01-29T07:45,0.048
2020-01-29T08:00,0.218
2020-01-29T08:15,0.218
2020-01-29T08:30,0.218
2020-01-29T08:45,0.218
2020-01-29T09:00,0.426
2020-01-29T09:15,0.426
2020-01-29T09:30,0.426
2020-01-29T09:45,0.426
2020-01-29T10:00,0.504
2020-01-29T10:15,0.504
2020-01-29T10:30,0.504
2020-01-29T10:45,0.504
2020-01-29T11:00,0.424
2020-01-29T11:15,0.424
2020-01-29T11:30,0.424
2020-01-29T11:45,0.424
2020-01-29T12:00,0.447
2020-01-29T12:15,0.447
2020-01-29T12:30,0.447
2020-01-29T12:45,0.447
2020-01-29T13:00,0.44
2020-01-29T13:15,0.44
2020-01-29T13:30,0.44
2020-01-29T13:45,0.44
2020-01-29T14:00,0.216
2020-01-29T14:15,0.216
2020-01-29T14:30,0.216
2020-01-29T14:45,0.216
2020-01-29T15:00,0.0
2020-01-29T15:15,0.0
2020-01-29T15:30,0.0
2020-01-29T15:45,0.0
2020-01-29T16:00,0.0
2020-01-29T16:15,0.0
2020-01-29T16:30,0.0
2020-01-29T16:45,0.0
2020-01-29T17:00,0.0
2020-01-29T17:15,0.0
2020-01-29T17:30,0.0
2020-01-29T17:45,0.0
2020-01-29T18:00,0.0
2020-01-29T18:15,0.0
2020-01-29T18:30,0.0
2020-01-29T18:45,0.0
2020-01-29T19:00,0.0
2020-01-29T19:15,0.0
2020-01-29T19:30,0.0
2020-01-29T19:45,0.0
2020-01-29T20:00,0.0
2020-01-29T20:15,0.0
2020-01-29T20:30,0.0
2020-01-29T20:45,0.0
2020-01-29T21:00,0.0
2020-01-29T21:15,0.0
2020-01-29T21:30,0.0
2020-01-29T21:45,0.0
2020-01-29T22:00,0.0
2020-01-29T22:15,0.0
2020-01-29T22:30,0.0
2020-01-29T22:45,0.0
2020-01-29T23:00,0.0
2020-01-29T23:15,0.0
2020-01-29T23:30,0.0
2020-01-29T23:45,0.0
2020-01-30T00:00,0.0
2020-01-30T00:15,0.0
2020-01-30T00:30,0.0
2020-01-30T00:45,0.0
2020-01-30T01:00,0.0
2020-01-30T01:15,0.0
2020-01-30T01:30,0.0
2020-01-30T01:45,0.0
2020-01-30T02:00,0.0
2020-01-30T02:15,0.0
2020-01-30T02:30,0.0
2020-01-30T02:45,0.0
2020-01-30T03:00,0.0
2020-01-30T03:15,0.0
2020-01-30T03:30,0.0
2020-01-30T03:45,0.0
2020-01-30T04:00,0.0
2020-01-30T04:15,0.0
2020-01-30T04:30,0.0
2020-01-30T04:45,0.0
2020-01-30T05:00,0.0
2020-01-30T05:15,0.0
2020-01-30T05:30,0.0
2020-01-30T05:45,0.0
2020-01-30T06:00,0.0
2020-01-30T06:15,0.0
2020-01-30T06:30,0.0
2020-01-30T06:45,0.0
2020-01-30T07:00,0.007
2020-01-30T07:15,0.007
2020-01-30T07:30,0.007
2020-01-30T07:45,0.007
2020-01-30T08:00,0.072
2020-01-30T08:15,0.072
2020-01-30T08:30,0.072
2020-01-30T08:45,0.072
2020-01-30T09:00,0.159
2020-01-30T09:15,0.159
2020-01-30T09:30,0.159
2020-01-30T09:45,0.159
2020-01-30T10:00,0.281
2020-01-30T10:15,0.281
2020-01-30T10:30,0.281
2020-01-30T10:45,0.281
2020-01-30T11:00,0.314
2020-01-30T11:15,0.314
2020-01-30T11:30,0.314
2020-01-30T11:45,0.314
2020-01-30T12:00,0.256
2020-01-30T12:15,0.256
2020-01-30T12:30,0.256
2020-01-30T12:45,0.256
2020-01-30T13:00,0.11
2020-01-30T13:15,0.11
2020-01-30T13:30,0.11
2020-01-30T13:45,0.11
2020-01-30T14:00,0.044
2020-01-30T14:15,0.044
2020-01-30T14:30,0.044
2020-01-30T14:45,0.044
2020-01-30T15:00,0.0
2020-01-30T15:15,0.0
2020-01-30T15:30,0.0
2020-01-30T15:45,0.0
2020-01-30T16:00,0.0
2020-01-30T16:15,0.0
2020-01-30T16:30,0.0
2020-01-30T16:45,0.0
2020-01-30T17:00,0.0
2020-01-30T17:15,0.0
2020-01-30T17:30,0.0
2020-01-30T17:45,0.0
2020-01-30T18:00,0.0
2020-01-30T18:15,0.0
2020-01-30T18:30,0.0
2020-01-30T18:45,0.0
2020-01-30T19:00,0.0
2020-01-30T19:15,0.0
2020-01-30T19:30,0.0
2020-01-30T19:45,0.0
2020-01-30T20:00,0.0
2020-01-30T20:15,0.0
2020-01-30T20:30,0.0
2020-01-30T20:45,0.0
2020-01-30T21:00,0.0
2020-01-30T21:15,0.0
2020-01-30T21:30,0.0
2020-01-30T21:45,0.0
2020-01-30T22:00,0.0
2020-01-30T22:15,0.0
2020-01-30T22:30,0.0
2020-01-30T22:45,0.0
2020-01-30T23:00,0.0
2020-01-30T23:15,0.0
2020-01-30T23:30,0.0
2020-01-30T23:45,0.0
2020-01-31T00:00,0.0
2020-01-31T00:15,0.0
2020-01-31T00:30,0.0
2020-01-31T00:45,0.0
2020-01-31T01:00,0.0
2020-01-31T01:15,0.0
2020-01-31T01:30,0.0
2020-01-31T01:45,0.0
2020-01-31T02:00,0.0
2020-01-31T02:15,0.0
2020-01-31T02:30,0.0
2020-01-31T02:45,0.0
2020-01-31T03:00,0.0
2020-01-31T03:15,0.0
2020-01-31T03:30,0.0
2020-01-31T03:45,0.0
2020-01-31T04:00,0.0
2020-01-31T04:15,0.0
2020-01-31T04:30,0.0
2020-01-31T04:45,0.0
2020-01-31T05:00,0.0
2020-01-31T05:15,0.0
2020-01-31T05:30,0.0
2020-01-31T05:45,0.0
2020-01-31T06:00,0.0
2020-01-31T06:15,0.0
2020-01-31T06:30,0.0
2020-01-31T06:45,0.0
2020-01-31T07:00,0.389
2020-01-31T07:15,0.389
2020-01-31T07:30,0.389
2020-01-31T07:45,0.389
2020-01-31T08:00,1.233
2020-01-31T08:15,1.233
2020-01-31T08:30,1.233
2020-01-31T08:45,1.233
2020-01-31T09:00,1.501
2020-01-31T09:15,1.501
2020-01-31T09:30,1.501
2020-01-31T09:45,1.501
2020-01-31T10:00,1.486
2020-01-31T10:15,1.486
2020-01-31T10:30,1.486
2020-01-31T10:45,1.486
2020-01-31T11:00,0.89
2020-01-31T11:15,0.89
2020-01-31T11:30,0.89
2020-01-31T11:45,0.89
2020-01-31T12:00,0.621
2020-01-31T12:15,0.621
2020-01-31T12:30,0.621
2020-01-31T12:45,0.621
2020-01-31T13:00,0.389
2020-01-31T13:15,0.389
2020-01-31T13:30,0.389
2020-01-31T13:45,0.389
2020-01-31T14:00,0.081
2020-01-31T14:15,0.081
2020-01-31T14:30,0.081
2020-01-31T14:45,0.081
2020-01-31T15:00,0.0
2020-01-31T15:15,0.0
2020-01-31T15:30,0.0
2020-01-31T15:45,0.0
2020-01-31T16:00,0.0
2020-01-31T16:15,0.0
2020-01-31T16:30,0.0
2020-01-31T16:45,0.0
2020-01-31T17:00,0.0
2020-01-31T17:15,0.0
2020-01-31T17:30,0.0
2020-01-31T17:45,0.0
2020-01-31T18:00,0.0
2020-01-31T18:15,0.0
2020-01-31T18:30,0.0
2020-01-31T18:45,0.0
2020-01-31T19:00,0.0
2020-01-31T19:15,0.0
2020-01-31T19:30,0.0
2020-01-31T19:45,0.0
2020-01-31T20:00,0.0
2020-01-31T20:15,0.0
2020-01-31T20:30,0.0
2020-01-31T20:45,0.0
2020-01-31T21:00,0.0
2020-01-31T21:15,0.0
2020-01-31T21:30,0.0
2020-01-31T21:45,0.0
2020-01-31T22:00,0.0
2020-01-31T22:15,0.0
2020-01-31T22:30,0.0
2020-01-31T22:45,0.0
2020-01-31T23:00,0.0
2020-01-31T23:15,0.0
2020-01-31T23:30,0.0
2020-01-31T23:45,0.0
